country,date,elo_rating
Albania,2024-03-22,1617
Albania,2024-03-25,1612
Albania,2024-06-03,1613
Albania,2024-06-07,1623
Albania,2024-06-15,1616
Albania,2024-06-19,1634
Albania,2024-06-24,1630
Albania,2024-09-07,1660
Albania,2024-09-10,1638
Albania,2024-10-11,1623
Albania,2024-10-14,1654
Albania,2024-11-16,1653
Albania,2024-11-19,1635
Albania,2025-11-16,1664
Algeria,2024-01-05,1730
Algeria,2024-01-09,1733
Algeria,2024-01-15,1715
Algeria,2024-01-20,1706
Algeria,2024-01-23,1662
Algeria,2024-03-22,1671
Algeria,2024-03-26,1663
Algeria,2024-06-06,1629
Algeria,2024-06-10,1641
Algeria,2024-09-05,1656
Algeria,2024-09-10,1668
Algeria,2024-10-10,1675
Algeria,2024-10-14,1684
Algeria,2024-11-14,1681
Algeria,2024-11-17,1685
Algeria,2025-06-10,1704
Algeria,2025-11-18,1718
Algeria,2025-12-06,1714
Algeria,2025-12-09,1736
Algeria,2025-12-12,1726
Algeria,2025-12-24,1735
Algeria,2025-12-28,1749
Algeria,2025-12-31,1757
Algeria,2026-01-06,1775
Algeria,2026-01-10,1728
Algeria,2026-03-27,1739
Algeria,2026-03-31,1743
Andorra,2024-03-21,1115
Andorra,2024-03-25,1113
Andorra,2024-06-05,1113
Andorra,2024-06-11,1110
Andorra,2024-09-04,1101
Andorra,2024-09-10,1083
Andorra,2024-10-10,1077
Andorra,2024-10-13,1080
Andorra,2024-11-16,1069
Andorra,2024-11-19,1083
Andorra,2025-06-07,1066
Andorra,2025-09-06,1066
Angola,2024-01-06,1388
Angola,2024-01-10,1408
Angola,2024-01-15,1426
Angola,2024-01-20,1448
Angola,2024-01-23,1500
Angola,2024-01-27,1532
Angola,2024-02-02,1515
Angola,2024-03-22,1513
Angola,2024-03-25,1507
Angola,2024-06-07,1511
Angola,2024-06-11,1509
Angola,2024-06-28,1502
Angola,2024-07-01,1503
Angola,2024-07-03,1514
Angola,2024-07-05,1525
Angola,2024-07-07,1551
Angola,2024-09-05,1576
Angola,2024-09-09,1583
Angola,2024-10-11,1587
Angola,2024-10-15,1592
Angola,2024-11-15,1580
Angola,2024-11-18,1570
Angola,2025-11-14,1566
Angola,2025-12-22,1550
Angola,2025-12-29,1543
Argentina,2024-03-22,2139
Argentina,2024-03-26,2140
Argentina,2024-06-09,2144
Argentina,2024-06-14,2145
Argentina,2024-06-20,2151
Argentina,2024-06-25,2155
Argentina,2024-06-29,2161
Argentina,2024-07-04,2143
Argentina,2024-07-09,2150
Argentina,2024-07-14,2169
Argentina,2024-09-05,2172
Argentina,2024-09-10,2150
Argentina,2024-10-10,2137
Argentina,2024-10-15,2140
Argentina,2024-11-14,2106
Argentina,2024-11-19,2108
Argentina,2025-03-25,2141
Argentina,2025-06-05,2146
Argentina,2025-06-10,2132
Argentina,2025-09-04,2136
Argentina,2025-09-09,2109
Argentina,2025-10-10,2111
Argentina,2025-10-14,2111
Argentina,2025-11-14,2113
Argentina,2026-03-27,2113
Argentina,2026-03-31,2113
Armenia,2024-03-22,1457
Armenia,2024-03-26,1455
Armenia,2024-06-04,1453
Armenia,2024-06-07,1461
Armenia,2024-09-07,1475
Armenia,2024-09-10,1458
Armenia,2024-10-10,1452
Armenia,2024-10-13,1424
Armenia,2024-11-14,1391
Armenia,2024-11-17,1411
Armenia,2025-09-06,1384
Armenia,2025-11-16,1389
Australia,2024-01-06,1787
Australia,2024-01-13,1790
Australia,2024-01-18,1796
Australia,2024-01-23,1786
Australia,2024-01-28,1791
Australia,2024-02-02,1764
Australia,2024-03-21,1766
Australia,2024-03-26,1769
Australia,2024-06-06,1770
Australia,2024-06-11,1775
Australia,2024-09-05,1738
Australia,2024-09-10,1724
Australia,2024-10-10,1728
Australia,2024-10-15,1741
Australia,2024-11-14,1728
Australia,2024-11-19,1718
Australia,2025-06-05,1758
Australia,2025-06-10,1775
Australia,2025-09-05,1778
Australia,2025-09-09,1790
Australia,2025-10-10,1803
Australia,2025-10-14,1793
Australia,2025-11-14,1781
Australia,2025-11-18,1773
Australia,2026-03-27,1778
Australia,2026-03-31,1782
Austria,2024-03-23,1847
Austria,2024-03-26,1857
Austria,2024-06-04,1862
Austria,2024-06-08,1863
Austria,2024-06-17,1852
Austria,2024-06-21,1877
Austria,2024-06-25,1910
Austria,2024-07-02,1876
Austria,2024-09-06,1876
Austria,2024-09-09,1853
Austria,2024-10-10,1857
Austria,2024-10-13,1876
Austria,2024-11-14,1884
Austria,2024-11-17,1871
Austria,2025-06-07,1845
Austria,2025-06-10,1845
Austria,2025-09-06,1846
Austria,2025-09-09,1855
Austria,2025-10-09,1855
Austria,2025-10-12,1829
Austria,2025-11-15,1834
Austria,2025-11-18,1818
Austria,2026-03-27,1821
Austria,2026-03-31,1827
Azerbaijan,2024-03-22,1497
Azerbaijan,2024-03-25,1492
Azerbaijan,2024-06-07,1482
Azerbaijan,2024-06-11,1491
Azerbaijan,2024-09-05,1468
Azerbaijan,2024-09-08,1460
Azerbaijan,2024-10-11,1430
Azerbaijan,2024-10-14,1413
Azerbaijan,2024-11-16,1405
Azerbaijan,2024-11-19,1398
Azerbaijan,2025-10-10,1366
Azerbaijan,2025-11-16,1339
Bahrain,2024-01-06,1445
Bahrain,2024-01-10,1425
Bahrain,2024-01-15,1417
Bahrain,2024-01-20,1433
Bahrain,2024-01-25,1466
Bahrain,2024-01-31,1459
Bahrain,2024-03-21,1461
Bahrain,2024-03-26,1463
Bahrain,2024-06-06,1446
Bahrain,2024-06-11,1455
Bahrain,2024-09-05,1492
Bahrain,2024-09-10,1478
Bahrain,2024-10-10,1467
Bahrain,2024-10-15,1478
Bahrain,2024-11-14,1448
Bahrain,2024-11-19,1458
Bahrain,2024-12-22,1483
Bahrain,2024-12-25,1528
Bahrain,2024-12-28,1491
Bahrain,2024-12-31,1509
Bahrain,2025-09-03,1453
Bahrain,2025-12-03,1400
Bahrain,2025-12-06,1389
Belarus,2024-03-21,1457
Belarus,2024-03-26,1454
Belarus,2024-06-07,1446
Belarus,2024-06-11,1433
Belarus,2024-09-05,1436
Belarus,2024-09-08,1464
Belarus,2024-10-12,1467
Belarus,2024-10-15,1467
Belarus,2024-11-15,1451
Belarus,2024-11-18,1459
Belarus,2025-09-08,1475
Belarus,2025-10-12,1464
Belgium,2024-03-23,1983
Belgium,2024-03-26,1986
Belgium,2024-06-05,1987
Belgium,2024-06-08,1988
Belgium,2024-06-17,1945
Belgium,2024-06-22,1961
Belgium,2024-06-26,1951
Belgium,2024-07-01,1934
Belgium,2024-09-06,1940
Belgium,2024-09-09,1923
Belgium,2024-10-10,1930
Belgium,2024-10-14,1909
Belgium,2024-11-14,1885
Belgium,2024-11-17,1850
Belgium,2025-06-06,1836
Belgium,2025-06-09,1846
Belgium,2025-09-04,1847
Belgium,2025-09-07,1850
Belgium,2025-10-10,1835
Belgium,2025-10-13,1864
Belgium,2025-11-15,1849
Belgium,2025-11-18,1849
Belgium,2026-03-28,1866
Belgium,2026-03-31,1866
Benin,2024-03-23,1348
Benin,2024-03-26,1346
Benin,2024-06-06,1365
Benin,2024-06-10,1397
Benin,2024-09-07,1386
Benin,2024-09-10,1407
Benin,2024-10-11,1437
Benin,2024-10-15,1416
Benin,2024-11-14,1425
Benin,2024-11-18,1429
Benin,2025-12-23,1421
Benin,2025-12-30,1428
Benin,2026-01-05,1410
Bermuda,2024-03-22,1149
Bermuda,2024-03-25,1141
Bermuda,2024-06-05,1139
Bermuda,2024-06-09,1124
Bermuda,2024-09-07,1109
Bermuda,2024-09-10,1126
Bermuda,2024-10-12,1144
Bermuda,2024-10-15,1152
Bermuda,2024-11-16,1160
Bermuda,2024-11-19,1142
Bermuda,2025-09-09,1150
Bermuda,2025-11-13,1103
Bermuda,2026-03-25,1119
Bolivia,2024-03-22,1602
Bolivia,2024-03-25,1604
Bolivia,2024-05-31,1599
Bolivia,2024-06-12,1594
Bolivia,2024-06-15,1591
Bolivia,2024-06-23,1580
Bolivia,2024-06-27,1572
Bolivia,2024-07-01,1550
Bolivia,2024-09-05,1605
Bolivia,2024-09-10,1636
Bolivia,2024-10-10,1671
Bolivia,2024-10-15,1668
Bolivia,2024-11-14,1657
Bolivia,2024-11-19,1658
Bolivia,2025-09-04,1657
Bolivia,2025-09-09,1689
Bolivia,2025-11-14,1681
Bolivia,2025-11-18,1676
Bolivia,2026-01-18,1665
Bolivia,2026-01-25,1657
Bolivia,2026-03-31,1645
Bosnia and Herzegovina,2024-03-21,1478
Bosnia and Herzegovina,2024-06-03,1477
Bosnia and Herzegovina,2024-06-09,1476
Bosnia and Herzegovina,2024-09-07,1474
Bosnia and Herzegovina,2024-09-10,1491
Bosnia and Herzegovina,2024-10-11,1487
Bosnia and Herzegovina,2024-10-14,1472
Bosnia and Herzegovina,2024-11-16,1469
Bosnia and Herzegovina,2024-11-19,1485
Bosnia and Herzegovina,2025-06-07,1526
Bosnia and Herzegovina,2025-06-10,1523
Bosnia and Herzegovina,2025-09-06,1526
Bosnia and Herzegovina,2025-09-09,1517
Bosnia and Herzegovina,2025-10-09,1511
Bosnia and Herzegovina,2025-10-12,1521
Bosnia and Herzegovina,2025-11-15,1556
Bosnia and Herzegovina,2025-11-18,1572
Bosnia and Herzegovina,2026-03-26,1584
Bosnia and Herzegovina,2026-03-31,1594
Botswana,2024-01-08,1344
Botswana,2024-03-22,1342
Botswana,2024-03-25,1339
Botswana,2024-06-07,1326
Botswana,2024-06-10,1331
Botswana,2024-06-26,1325
Botswana,2024-06-29,1340
Botswana,2024-07-02,1315
Botswana,2024-08-31,1310
Botswana,2024-09-07,1297
Botswana,2024-09-10,1283
Botswana,2024-10-10,1319
Botswana,2024-10-15,1344
Botswana,2024-11-15,1338
Botswana,2024-11-19,1355
Botswana,2025-12-23,1312
Botswana,2025-12-30,1285
Brazil,2024-03-23,2024
Brazil,2024-03-26,2027
Brazil,2024-06-08,2031
Brazil,2024-06-12,2027
Brazil,2024-06-24,2006
Brazil,2024-06-28,2019
Brazil,2024-07-02,2020
Brazil,2024-07-06,2020
Brazil,2024-09-06,2028
Brazil,2024-09-10,1996
Brazil,2024-10-10,2005
Brazil,2024-10-15,2013
Brazil,2024-11-14,2005
Brazil,2024-11-19,1996
Brazil,2025-03-25,1993
Brazil,2025-06-05,1994
Brazil,2025-06-10,2001
Brazil,2025-09-04,2007
Brazil,2025-09-09,1975
Brazil,2025-10-10,1989
Brazil,2025-10-14,1978
Brazil,2025-11-15,1986
Brazil,2025-11-18,1978
Brazil,2026-03-26,1970
Brazil,2026-03-31,1984
Bulgaria,2024-03-22,1468
Bulgaria,2024-03-25,1473
Bulgaria,2024-06-04,1480
Bulgaria,2024-06-08,1488
Bulgaria,2024-09-05,1485
Bulgaria,2024-09-08,1502
Bulgaria,2024-10-12,1494
Bulgaria,2024-10-15,1468
Bulgaria,2024-11-15,1494
Bulgaria,2024-11-18,1486
Bulgaria,2025-09-04,1450
Bulgaria,2025-10-11,1429
Bulgaria,2025-10-14,1428
Bulgaria,2025-11-15,1425
Burkina Faso,2024-01-05,1562
Burkina Faso,2024-01-10,1570
Burkina Faso,2024-01-16,1584
Burkina Faso,2024-01-20,1593
Burkina Faso,2024-01-23,1541
Burkina Faso,2024-01-30,1522
Burkina Faso,2024-03-22,1508
Burkina Faso,2024-03-26,1501
Burkina Faso,2024-06-06,1493
Burkina Faso,2024-06-10,1483
Burkina Faso,2024-09-06,1499
Burkina Faso,2024-09-10,1512
Burkina Faso,2024-10-10,1529
Burkina Faso,2024-10-13,1541
Burkina Faso,2024-11-14,1532
Burkina Faso,2024-11-18,1481
Burkina Faso,2025-12-28,1551
Burkina Faso,2026-01-06,1534
Cameroon,2024-01-09,1613
Cameroon,2024-01-15,1602
Cameroon,2024-01-19,1579
Cameroon,2024-01-23,1590
Cameroon,2024-01-27,1555
Cameroon,2024-06-08,1582
Cameroon,2024-06-11,1584
Cameroon,2024-09-07,1590
Cameroon,2024-09-10,1577
Cameroon,2024-10-11,1591
Cameroon,2024-10-14,1602
Cameroon,2024-11-13,1588
Cameroon,2024-11-19,1594
Cameroon,2025-09-09,1579
Cameroon,2025-11-13,1559
Cameroon,2025-12-28,1581
Cameroon,2026-01-04,1616
Cameroon,2026-01-09,1606
Cameroon,2026-03-27,1601
Canada,2024-03-23,1715
Canada,2024-06-06,1711
Canada,2024-06-09,1720
Canada,2024-06-20,1714
Canada,2024-06-25,1741
Canada,2024-06-29,1740
Canada,2024-07-05,1746
Canada,2024-07-09,1739
Canada,2024-07-13,1755
Canada,2024-09-07,1768
Canada,2024-09-10,1769
Canada,2024-10-15,1775
Canada,2024-11-15,1781
Canada,2024-11-19,1784
Canada,2025-06-21,1778
Canada,2025-06-24,1784
Canada,2025-06-29,1768
Canada,2025-09-05,1786
Canada,2025-09-09,1797
Canada,2025-10-10,1784
Canada,2025-10-14,1789
Canada,2025-11-13,1790
Canada,2025-11-18,1802
Canada,2026-03-28,1794
Canada,2026-03-31,1784
Cape Verde,2024-01-10,1475
Cape Verde,2024-01-14,1505
Cape Verde,2024-01-19,1534
Cape Verde,2024-01-22,1542
Cape Verde,2024-01-29,1558
Cape Verde,2024-02-03,1559
Cape Verde,2024-03-21,1564
Cape Verde,2024-03-25,1579
Cape Verde,2024-06-08,1552
Cape Verde,2024-06-11,1560
Cape Verde,2024-09-06,1541
Cape Verde,2024-09-10,1551
Cape Verde,2024-10-10,1515
Cape Verde,2024-10-15,1490
Cape Verde,2024-11-15,1495
Cape Verde,2024-11-19,1472
Cape Verde,2025-06-03,1511
Cape Verde,2025-06-08,1518
Cape Verde,2025-09-04,1526
Cape Verde,2025-09-09,1544
Cape Verde,2025-10-08,1543
Cape Verde,2025-10-13,1549
Cape Verde,2025-11-13,1557
Cape Verde,2025-11-17,1561
Cape Verde,2026-03-27,1549
Cape Verde,2026-03-30,1549
Central African Republic,2024-03-22,1304
Central African Republic,2024-03-25,1317
Central African Republic,2024-06-05,1330
Central African Republic,2024-06-10,1324
Central African Republic,2024-09-05,1346
Central African Republic,2024-09-10,1331
Central African Republic,2024-10-12,1328
Central African Republic,2024-10-15,1325
Central African Republic,2024-11-14,1298
Central African Republic,2024-11-18,1285
Central African Republic,2025-10-08,1217
Chad,2024-03-22,1169
Chad,2024-03-26,1187
Chad,2024-06-05,1174
Chad,2024-06-11,1153
Chad,2024-09-06,1162
Chad,2024-09-10,1158
Chad,2024-10-11,1172
Chad,2024-10-15,1161
Chad,2024-11-13,1170
Chad,2024-11-19,1166
Chad,2025-09-04,1162
Chile,2024-03-22,1714
Chile,2024-03-26,1713
Chile,2024-06-11,1725
Chile,2024-06-21,1726
Chile,2024-06-25,1722
Chile,2024-06-29,1723
Chile,2024-09-05,1720
Chile,2024-09-10,1689
Chile,2024-10-10,1680
Chile,2024-10-15,1675
Chile,2024-11-15,1684
Chile,2024-11-19,1713
Chile,2025-06-05,1717
Chile,2025-09-04,1683
Chile,2025-09-09,1690
Chile,2026-03-27,1743
Chile,2026-03-30,1710
China PR,2024-01-01,1433
China PR,2024-01-13,1429
China PR,2024-01-17,1420
China PR,2024-01-22,1409
China PR,2024-03-21,1399
China PR,2024-03-26,1406
China PR,2024-06-06,1401
China PR,2024-06-11,1398
China PR,2024-09-05,1395
China PR,2024-09-10,1379
China PR,2024-10-10,1375
China PR,2024-10-15,1389
China PR,2024-11-14,1419
China PR,2024-11-19,1412
China PR,2026-01-26,1409
China PR,2026-03-27,1435
Colombia,2024-03-22,1995
Colombia,2024-03-26,1998
Colombia,2024-06-08,2011
Colombia,2024-06-15,2014
Colombia,2024-06-24,2021
Colombia,2024-06-28,2030
Colombia,2024-07-02,2029
Colombia,2024-07-06,2045
Colombia,2024-07-10,2069
Colombia,2024-07-14,2050
Colombia,2024-09-06,2038
Colombia,2024-09-10,2060
Colombia,2024-10-10,2025
Colombia,2024-10-15,2030
Colombia,2024-11-15,2009
Colombia,2024-11-19,1977
Colombia,2025-06-06,1936
Colombia,2025-06-10,1950
Colombia,2025-09-04,1957
Colombia,2025-09-09,1981
Colombia,2025-10-11,1993
Colombia,2025-10-14,1988
Colombia,2025-11-15,1990
Colombia,2025-11-18,1998
Colombia,2026-03-26,1986
Colombia,2026-03-29,1975
Comoros,2024-03-22,1298
Comoros,2024-03-25,1304
Comoros,2024-06-07,1283
Comoros,2024-06-11,1304
Comoros,2024-06-27,1283
Comoros,2024-06-30,1326
Comoros,2024-07-02,1349
Comoros,2024-07-05,1338
Comoros,2024-07-07,1343
Comoros,2024-09-04,1343
Comoros,2024-09-09,1342
Comoros,2024-10-11,1379
Comoros,2024-10-15,1392
Comoros,2024-11-15,1410
Comoros,2024-11-18,1424
Comoros,2025-10-12,1390
Comoros,2025-12-05,1374
Comoros,2025-12-21,1358
Costa Rica,2024-02-02,1581
Costa Rica,2024-03-23,1605
Costa Rica,2024-03-26,1604
Costa Rica,2024-05-31,1611
Costa Rica,2024-06-06,1613
Costa Rica,2024-06-09,1619
Costa Rica,2024-06-24,1640
Costa Rica,2024-06-28,1631
Costa Rica,2024-07-02,1660
Costa Rica,2024-09-05,1665
Costa Rica,2024-09-09,1661
Costa Rica,2024-10-11,1650
Costa Rica,2024-10-15,1665
Costa Rica,2024-11-14,1642
Costa Rica,2024-11-18,1652
Costa Rica,2025-09-09,1665
Costa Rica,2025-11-13,1642
Costa Rica,2026-03-27,1634
Costa Rica,2026-03-31,1613
Croatia,2024-03-23,1941
Croatia,2024-03-26,1952
Croatia,2024-06-03,1954
Croatia,2024-06-08,1968
Croatia,2024-06-15,1931
Croatia,2024-06-19,1913
Croatia,2024-06-24,1915
Croatia,2024-09-05,1903
Croatia,2024-09-08,1911
Croatia,2024-10-12,1917
Croatia,2024-10-15,1912
Croatia,2024-11-15,1886
Croatia,2024-11-18,1886
Croatia,2025-06-06,1912
Croatia,2025-06-09,1926
Croatia,2025-09-05,1928
Croatia,2025-09-08,1931
Croatia,2025-10-09,1927
Croatia,2025-10-12,1927
Croatia,2025-11-14,1928
Croatia,2025-11-17,1932
Croatia,2026-03-26,1944
Croatia,2026-03-31,1930
Curaçao,2024-06-05,1341
Curaçao,2024-06-08,1353
Curaçao,2024-09-06,1320
Curaçao,2024-09-09,1327
Curaçao,2024-10-11,1314
Curaçao,2024-10-14,1322
Curaçao,2024-11-15,1328
Curaçao,2024-11-18,1335
Curaçao,2025-06-21,1410
Curaçao,2025-06-24,1396
Curaçao,2025-09-05,1402
Curaçao,2025-09-09,1407
Curaçao,2025-10-10,1442
Curaçao,2025-10-14,1435
Curaçao,2025-11-13,1456
Curaçao,2025-11-18,1466
Curaçao,2026-03-27,1440
Curaçao,2026-03-31,1436
Cyprus,2024-03-21,1320
Cyprus,2024-03-25,1318
Cyprus,2024-06-08,1312
Cyprus,2024-06-11,1315
Cyprus,2024-09-06,1343
Cyprus,2024-09-09,1309
Cyprus,2024-10-12,1299
Cyprus,2024-10-15,1290
Cyprus,2024-11-15,1305
Cyprus,2024-11-18,1301
Cyprus,2025-09-06,1298
Cyprus,2025-10-09,1317
Cyprus,2025-11-15,1320
Czech Republic,2024-03-22,1769
Czech Republic,2024-03-26,1771
Czech Republic,2024-06-07,1773
Czech Republic,2024-06-10,1776
Czech Republic,2024-06-18,1765
Czech Republic,2024-06-22,1756
Czech Republic,2024-06-26,1731
Czech Republic,2024-09-07,1703
Czech Republic,2024-09-10,1722
Czech Republic,2024-10-11,1737
Czech Republic,2024-10-14,1740
Czech Republic,2024-11-16,1741
Czech Republic,2024-11-19,1753
Czech Republic,2025-06-06,1763
Czech Republic,2025-06-09,1749
Czech Republic,2025-09-05,1768
Czech Republic,2025-09-08,1761
Czech Republic,2025-10-09,1765
Czech Republic,2025-10-12,1730
Czech Republic,2025-11-13,1730
Czech Republic,2025-11-17,1731
Czech Republic,2026-03-26,1723
Czech Republic,2026-03-31,1726
DR Congo,2024-01-06,1494
DR Congo,2024-01-10,1486
DR Congo,2024-01-17,1486
DR Congo,2024-01-21,1506
DR Congo,2024-01-24,1496
DR Congo,2024-01-28,1506
DR Congo,2024-02-02,1543
DR Congo,2024-02-07,1527
DR Congo,2024-02-10,1531
DR Congo,2024-06-06,1546
DR Congo,2024-06-09,1553
DR Congo,2024-09-06,1564
DR Congo,2024-09-09,1575
DR Congo,2024-10-10,1582
DR Congo,2024-10-15,1604
DR Congo,2024-11-16,1577
DR Congo,2024-11-19,1540
DR Congo,2025-10-10,1590
DR Congo,2025-10-14,1596
DR Congo,2025-11-13,1615
DR Congo,2025-11-16,1616
DR Congo,2025-12-23,1635
DR Congo,2025-12-27,1647
DR Congo,2025-12-30,1657
DR Congo,2026-01-06,1639
DR Congo,2026-03-25,1640
DR Congo,2026-03-31,1655
Denmark,2024-03-23,1821
Denmark,2024-03-26,1822
Denmark,2024-06-05,1826
Denmark,2024-06-08,1834
Denmark,2024-06-16,1827
Denmark,2024-06-20,1838
Denmark,2024-06-25,1834
Denmark,2024-06-29,1816
Denmark,2024-09-05,1845
Denmark,2024-09-08,1863
Denmark,2024-10-12,1859
Denmark,2024-10-15,1863
Denmark,2024-11-15,1854
Denmark,2024-11-18,1857
Denmark,2025-09-05,1853
Denmark,2025-11-18,1865
Denmark,2026-03-31,1870
Dominican Republic,2024-03-23,1209
Dominican Republic,2024-03-26,1208
Dominican Republic,2024-06-06,1206
Dominican Republic,2024-06-11,1208
Dominican Republic,2024-09-07,1223
Dominican Republic,2024-09-10,1238
Dominican Republic,2024-10-12,1250
Dominican Republic,2024-10-15,1261
Dominican Republic,2024-11-16,1269
Dominican Republic,2024-11-19,1287
Dominican Republic,2025-10-10,1285
Ecuador,2024-03-21,1885
Ecuador,2024-03-24,1872
Ecuador,2024-06-09,1868
Ecuador,2024-06-12,1873
Ecuador,2024-06-16,1875
Ecuador,2024-06-22,1841
Ecuador,2024-06-26,1858
Ecuador,2024-06-30,1852
Ecuador,2024-07-04,1870
Ecuador,2024-09-06,1862
Ecuador,2024-09-10,1870
Ecuador,2024-10-10,1857
Ecuador,2024-10-15,1866
Ecuador,2024-11-14,1877
Ecuador,2024-11-19,1909
Ecuador,2025-06-05,1909
Ecuador,2025-06-10,1905
Ecuador,2025-09-04,1906
Ecuador,2025-09-09,1933
Ecuador,2025-10-10,1929
Ecuador,2025-10-14,1930
Ecuador,2025-11-13,1929
Ecuador,2025-11-18,1933
Ecuador,2026-03-27,1929
Ecuador,2026-03-31,1933
Egypt,2024-01-07,1686
Egypt,2024-01-14,1668
Egypt,2024-01-18,1657
Egypt,2024-01-22,1649
Egypt,2024-01-28,1639
Egypt,2024-03-22,1646
Egypt,2024-03-26,1635
Egypt,2024-06-06,1643
Egypt,2024-06-10,1633
Egypt,2024-09-06,1652
Egypt,2024-09-10,1666
Egypt,2024-10-11,1671
Egypt,2024-10-15,1679
Egypt,2024-11-15,1674
Egypt,2024-11-19,1657
Egypt,2025-11-14,1648
Egypt,2025-11-17,1644
Egypt,2025-12-09,1590
Egypt,2025-12-22,1608
Egypt,2025-12-26,1629
Egypt,2025-12-29,1623
Egypt,2026-01-05,1641
Egypt,2026-01-10,1668
Egypt,2026-01-14,1653
Egypt,2026-01-17,1659
Egypt,2026-03-27,1680
Egypt,2026-03-31,1689
El Salvador,2024-02-02,1403
El Salvador,2024-03-20,1394
El Salvador,2024-03-22,1394
El Salvador,2024-03-26,1397
El Salvador,2024-06-06,1381
El Salvador,2024-06-09,1390
El Salvador,2024-06-14,1388
El Salvador,2024-07-27,1401
El Salvador,2024-09-05,1408
El Salvador,2024-09-08,1410
El Salvador,2024-10-10,1419
El Salvador,2024-10-13,1387
El Salvador,2024-11-14,1388
El Salvador,2024-11-17,1390
El Salvador,2025-06-24,1362
El Salvador,2025-10-10,1363
El Salvador,2025-11-18,1324
England,2024-03-23,2001
England,2024-03-26,1998
England,2024-06-03,1999
England,2024-06-07,1980
England,2024-06-16,1993
England,2024-06-20,1982
England,2024-06-25,1967
England,2024-06-30,1976
England,2024-07-06,1970
England,2024-07-10,1996
England,2024-07-14,1980
England,2024-09-07,1991
England,2024-09-10,1995
England,2024-10-10,1961
England,2024-10-13,1971
England,2024-11-14,2001
England,2024-11-17,2006
England,2025-06-07,2011
England,2025-06-10,1984
England,2025-09-06,1984
England,2025-09-09,2019
England,2025-10-09,2022
England,2025-10-14,2024
England,2025-11-13,2031
England,2025-11-16,2042
England,2026-03-27,2036
England,2026-03-31,2020
Equatorial Guinea,2024-01-09,1505
Equatorial Guinea,2024-01-14,1509
Equatorial Guinea,2024-01-18,1535
Equatorial Guinea,2024-01-22,1604
Equatorial Guinea,2024-01-28,1569
Equatorial Guinea,2024-03-22,1570
Equatorial Guinea,2024-03-25,1555
Equatorial Guinea,2024-06-05,1546
Equatorial Guinea,2024-06-10,1551
Equatorial Guinea,2024-09-05,1536
Equatorial Guinea,2024-09-09,1523
Equatorial Guinea,2024-10-11,1527
Equatorial Guinea,2024-10-14,1538
Equatorial Guinea,2024-11-14,1541
Equatorial Guinea,2024-11-17,1496
Equatorial Guinea,2025-12-31,1383
Estonia,2024-01-12,1362
Estonia,2024-03-21,1357
Estonia,2024-03-26,1355
Estonia,2024-06-04,1353
Estonia,2024-06-08,1366
Estonia,2024-06-11,1370
Estonia,2024-09-05,1361
Estonia,2024-09-08,1356
Estonia,2024-10-11,1386
Estonia,2024-10-14,1371
Estonia,2024-11-16,1379
Estonia,2024-11-19,1376
Estonia,2025-06-09,1366
Estonia,2025-11-13,1341
Eswatini,2024-03-20,1263
Eswatini,2024-03-26,1247
Eswatini,2024-06-07,1243
Eswatini,2024-06-11,1216
Eswatini,2024-06-26,1222
Eswatini,2024-06-29,1232
Eswatini,2024-07-02,1229
Eswatini,2024-09-05,1221
Eswatini,2024-09-10,1217
Eswatini,2024-10-11,1232
Eswatini,2024-10-14,1215
Eswatini,2024-11-15,1223
Eswatini,2024-11-19,1218
Eswatini,2025-10-13,1211
Faroe Islands,2024-03-22,1269
Faroe Islands,2024-03-26,1268
Faroe Islands,2024-06-08,1255
Faroe Islands,2024-06-11,1246
Faroe Islands,2024-09-07,1256
Faroe Islands,2024-09-10,1244
Faroe Islands,2024-10-10,1250
Faroe Islands,2024-10-13,1247
Faroe Islands,2024-11-14,1280
Faroe Islands,2024-11-17,1277
Faroe Islands,2025-09-05,1273
Faroe Islands,2025-10-12,1370
Faroe Islands,2025-11-14,1369
Finland,2024-03-21,1621
Finland,2024-03-26,1623
Finland,2024-06-04,1621
Finland,2024-06-07,1627
Finland,2024-09-07,1611
Finland,2024-09-10,1607
Finland,2024-10-10,1580
Finland,2024-10-13,1570
Finland,2024-11-14,1557
Finland,2024-11-17,1538
Finland,2025-06-07,1532
Finland,2025-09-04,1554
Finland,2025-10-12,1543
Finland,2026-03-27,1542
Finland,2026-03-30,1542
France,2024-03-23,2083
France,2024-03-26,2084
France,2024-06-05,2085
France,2024-06-09,2076
France,2024-06-17,2087
France,2024-06-21,2080
France,2024-06-25,2060
France,2024-07-01,2077
France,2024-07-05,2068
France,2024-07-09,2046
France,2024-09-06,1997
France,2024-09-09,2014
France,2024-10-10,2019
France,2024-10-14,2040
France,2024-11-14,2021
France,2024-11-17,2055
France,2025-06-05,2013
France,2025-06-08,2055
France,2025-09-05,2066
France,2025-09-09,2067
France,2025-10-10,2068
France,2025-10-13,2051
France,2025-11-13,2060
France,2025-11-16,2062
France,2026-03-26,2070
France,2026-03-29,2081
Gabon,2024-03-22,1434
Gabon,2024-03-25,1430
Gabon,2024-06-07,1424
Gabon,2024-06-11,1435
Gabon,2024-09-06,1430
Gabon,2024-09-10,1445
Gabon,2024-10-11,1430
Gabon,2024-10-15,1444
Gabon,2024-11-15,1429
Gabon,2024-11-18,1442
Gabon,2025-12-31,1405
Gabon,2026-03-27,1401
Gambia,2024-01-15,1385
Gambia,2024-01-19,1365
Gambia,2024-01-23,1354
Gambia,2024-06-08,1358
Gambia,2024-06-11,1347
Gambia,2024-09-04,1347
Gambia,2024-09-08,1342
Gambia,2024-10-11,1341
Gambia,2024-10-14,1360
Gambia,2024-11-15,1342
Gambia,2024-11-18,1378
Gambia,2026-03-31,1423
Georgia,2024-03-21,1651
Georgia,2024-03-26,1650
Georgia,2024-06-09,1666
Georgia,2024-06-18,1637
Georgia,2024-06-22,1646
Georgia,2024-06-26,1714
Georgia,2024-06-30,1705
Georgia,2024-09-07,1733
Georgia,2024-09-10,1755
Georgia,2024-10-11,1736
Georgia,2024-10-14,1705
Georgia,2024-11-16,1704
Georgia,2024-11-19,1692
Georgia,2025-06-08,1711
Georgia,2025-09-04,1692
Georgia,2025-10-11,1699
Georgia,2025-10-14,1685
Georgia,2025-11-15,1678
Germany,2024-03-23,1911
Germany,2024-03-26,1920
Germany,2024-06-03,1916
Germany,2024-06-07,1919
Germany,2024-06-14,1937
Germany,2024-06-19,1952
Germany,2024-06-23,1938
Germany,2024-06-29,1956
Germany,2024-07-05,1933
Germany,2024-09-07,1950
Germany,2024-09-10,1956
Germany,2024-10-11,1960
Germany,2024-10-14,1974
Germany,2024-11-16,1977
Germany,2024-11-19,1971
Germany,2025-06-04,1955
Germany,2025-06-08,1913
Germany,2025-09-04,1871
Germany,2025-09-07,1877
Germany,2025-10-10,1880
Germany,2025-10-13,1891
Germany,2025-11-14,1897
Germany,2025-11-17,1910
Germany,2026-03-27,1922
Germany,2026-03-30,1923
Ghana,2024-01-08,1541
Ghana,2024-01-14,1511
Ghana,2024-01-18,1522
Ghana,2024-01-22,1511
Ghana,2024-03-22,1504
Ghana,2024-03-26,1500
Ghana,2024-06-06,1532
Ghana,2024-06-10,1538
Ghana,2024-09-05,1513
Ghana,2024-09-09,1499
Ghana,2024-10-10,1488
Ghana,2024-10-15,1450
Ghana,2024-11-15,1462
Ghana,2024-11-18,1429
Ghana,2025-05-28,1451
Ghana,2025-05-31,1477
Ghana,2025-09-04,1466
Ghana,2025-09-08,1489
Ghana,2025-10-08,1504
Ghana,2025-10-12,1513
Ghana,2025-11-14,1511
Ghana,2025-11-18,1509
Ghana,2026-03-27,1506
Ghana,2026-03-30,1505
Gibraltar,2024-03-21,1050
Gibraltar,2024-03-26,1046
Gibraltar,2024-06-03,1046
Gibraltar,2024-06-06,1056
Gibraltar,2024-09-04,1065
Gibraltar,2024-09-08,1054
Gibraltar,2024-10-10,1059
Gibraltar,2024-10-13,1059
Gibraltar,2024-11-15,1050
Gibraltar,2024-11-19,1055
Gibraltar,2025-06-06,1051
Gibraltar,2025-10-12,1023
Gibraltar,2025-11-17,1017
Greece,2024-03-21,1738
Greece,2024-03-26,1739
Greece,2024-06-07,1736
Greece,2024-06-11,1738
Greece,2024-09-07,1754
Greece,2024-09-10,1780
Greece,2024-10-10,1814
Greece,2024-10-13,1823
Greece,2024-11-14,1793
Greece,2024-11-17,1812
Greece,2025-10-09,1773
Greece,2025-11-15,1775
Greece,2026-03-27,1750
Guatemala,2024-01-13,1484
Guatemala,2024-03-21,1481
Guatemala,2024-03-24,1487
Guatemala,2024-05-26,1482
Guatemala,2024-06-05,1485
Guatemala,2024-06-08,1486
Guatemala,2024-06-14,1485
Guatemala,2024-07-27,1472
Guatemala,2024-09-01,1481
Guatemala,2024-09-05,1499
Guatemala,2024-09-09,1503
Guatemala,2024-10-11,1521
Guatemala,2024-10-15,1506
Guatemala,2025-06-29,1533
Guatemala,2025-07-02,1525
Guatemala,2025-09-08,1507
Guatemala,2025-11-13,1510
Guatemala,2026-03-27,1514
Haiti,2024-03-23,1493
Haiti,2024-06-06,1497
Haiti,2024-06-09,1501
Haiti,2024-09-06,1514
Haiti,2024-09-09,1516
Haiti,2024-10-11,1520
Haiti,2024-10-14,1524
Haiti,2024-11-15,1527
Haiti,2024-11-18,1538
Haiti,2025-06-19,1473
Haiti,2025-06-22,1467
Haiti,2025-09-05,1474
Haiti,2025-09-09,1488
Haiti,2025-10-09,1517
Haiti,2025-10-13,1498
Haiti,2025-11-13,1527
Haiti,2025-11-18,1542
Haiti,2026-03-28,1530
Haiti,2026-03-31,1532
Honduras,2024-01-17,1514
Honduras,2024-03-23,1490
Honduras,2024-03-26,1487
Honduras,2024-06-06,1497
Honduras,2024-06-09,1512
Honduras,2024-06-16,1510
Honduras,2024-09-06,1528
Honduras,2024-09-10,1505
Honduras,2024-10-10,1518
Honduras,2024-10-14,1528
Honduras,2024-11-15,1572
Honduras,2024-11-19,1560
Honduras,2025-06-24,1583
Honduras,2025-09-05,1578
Honduras,2025-10-13,1603
Hungary,2024-03-22,1839
Hungary,2024-03-26,1841
Hungary,2024-06-04,1827
Hungary,2024-06-08,1831
Hungary,2024-06-15,1791
Hungary,2024-06-19,1776
Hungary,2024-06-23,1800
Hungary,2024-09-07,1783
Hungary,2024-09-10,1766
Hungary,2024-10-11,1771
Hungary,2024-10-14,1786
Hungary,2024-11-16,1772
Hungary,2024-11-19,1778
Hungary,2025-06-06,1697
Hungary,2025-09-09,1695
Hungary,2025-10-14,1718
Iceland,2024-01-13,1488
Iceland,2024-01-17,1505
Iceland,2024-03-21,1550
Iceland,2024-03-26,1544
Iceland,2024-06-07,1563
Iceland,2024-06-10,1561
Iceland,2024-09-06,1582
Iceland,2024-09-09,1574
Iceland,2024-10-11,1576
Iceland,2024-10-14,1557
Iceland,2024-11-16,1591
Iceland,2024-11-19,1576
Iceland,2025-06-06,1557
Iceland,2025-09-09,1562
Iceland,2025-10-13,1558
Iceland,2026-02-25,1562
Iceland,2026-03-28,1573
Iceland,2026-03-31,1571
Indonesia,2024-01-02,1270
Indonesia,2024-01-05,1263
Indonesia,2024-01-09,1262
Indonesia,2024-01-15,1253
Indonesia,2024-01-19,1286
Indonesia,2024-01-24,1284
Indonesia,2024-01-28,1279
Indonesia,2024-03-21,1297
Indonesia,2024-03-26,1344
Indonesia,2024-06-02,1341
Indonesia,2024-06-06,1327
Indonesia,2024-06-11,1333
Indonesia,2024-09-05,1348
Indonesia,2024-09-10,1362
Indonesia,2024-10-10,1373
Indonesia,2024-10-15,1359
Indonesia,2024-11-15,1353
Indonesia,2024-11-19,1393
Indonesia,2024-12-09,1397
Indonesia,2024-12-12,1377
Indonesia,2024-12-15,1356
Indonesia,2024-12-21,1320
Indonesia,2025-06-10,1357
Indonesia,2025-10-11,1341
Iran,2024-01-05,1829
Iran,2024-01-09,1830
Iran,2024-01-14,1837
Iran,2024-01-19,1838
Iran,2024-01-23,1845
Iran,2024-01-31,1824
Iran,2024-02-03,1853
Iran,2024-02-07,1816
Iran,2024-03-21,1817
Iran,2024-03-26,1819
Iran,2024-06-06,1820
Iran,2024-06-11,1808
Iran,2024-09-05,1809
Iran,2024-09-10,1820
Iran,2024-10-10,1818
Iran,2024-10-15,1832
Iran,2024-11-14,1835
Iran,2024-11-19,1838
Iran,2025-03-20,1843
Iran,2025-03-25,1830
Iran,2025-06-05,1798
Iran,2025-06-10,1801
Iran,2025-10-10,1762
Iran,2025-10-14,1764
Iran,2025-11-13,1756
Iran,2025-11-18,1755
Iran,2026-03-27,1739
Iran,2026-03-31,1760
Iraq,2024-01-06,1616
Iraq,2024-01-15,1625
Iraq,2024-01-19,1667
Iraq,2024-01-24,1674
Iraq,2024-01-29,1639
Iraq,2024-03-21,1640
Iraq,2024-03-26,1645
Iraq,2024-06-06,1659
Iraq,2024-06-11,1663
Iraq,2024-09-05,1671
Iraq,2024-09-10,1660
Iraq,2024-10-10,1665
Iraq,2024-10-15,1656
Iraq,2024-11-14,1649
Iraq,2024-11-19,1667
Iraq,2024-12-22,1668
Iraq,2024-12-25,1623
Iraq,2024-12-28,1584
Iraq,2025-06-05,1518
Iraq,2025-09-07,1564
Iraq,2025-10-11,1573
Iraq,2025-10-14,1580
Iraq,2025-11-13,1584
Iraq,2025-11-18,1596
Iraq,2025-12-03,1606
Iraq,2025-12-06,1620
Iraq,2025-12-09,1598
Iraq,2025-12-12,1582
Iraq,2026-03-31,1607
Israel,2024-03-21,1557
Israel,2024-06-08,1553
Israel,2024-06-11,1566
Israel,2024-09-06,1560
Israel,2024-09-09,1556
Israel,2024-10-10,1551
Israel,2024-10-14,1547
Israel,2024-11-14,1566
Israel,2024-11-17,1601
Israel,2025-10-11,1628
Italy,2024-03-21,1942
Italy,2024-03-24,1955
Italy,2024-06-04,1948
Italy,2024-06-09,1949
Italy,2024-06-15,1956
Italy,2024-06-20,1938
Italy,2024-06-24,1936
Italy,2024-06-29,1890
Italy,2024-09-06,1939
Italy,2024-09-09,1943
Italy,2024-10-10,1936
Italy,2024-10-14,1940
Italy,2024-11-14,1964
Italy,2024-11-17,1930
Italy,2025-06-06,1881
Italy,2025-11-16,1859
Italy,2026-03-31,1856
Ivory Coast,2024-01-06,1645
Ivory Coast,2024-01-13,1654
Ivory Coast,2024-01-18,1616
Ivory Coast,2024-01-22,1547
Ivory Coast,2024-01-29,1556
Ivory Coast,2024-02-03,1580
Ivory Coast,2024-02-07,1596
Ivory Coast,2024-02-11,1618
Ivory Coast,2024-03-23,1611
Ivory Coast,2024-03-26,1629
Ivory Coast,2024-06-07,1635
Ivory Coast,2024-06-11,1623
Ivory Coast,2024-09-06,1629
Ivory Coast,2024-09-10,1633
Ivory Coast,2024-10-11,1638
Ivory Coast,2024-10-15,1603
Ivory Coast,2024-11-15,1575
Ivory Coast,2024-11-19,1579
Ivory Coast,2025-06-07,1576
Ivory Coast,2025-10-14,1599
Ivory Coast,2025-11-14,1591
Ivory Coast,2025-11-18,1607
Ivory Coast,2025-12-24,1618
Ivory Coast,2025-12-28,1615
Ivory Coast,2025-12-31,1627
Ivory Coast,2026-01-06,1664
Ivory Coast,2026-01-10,1637
Ivory Coast,2026-03-28,1663
Ivory Coast,2026-03-31,1676
Jamaica,2024-03-01,1625
Jamaica,2024-03-03,1622
Jamaica,2024-03-21,1610
Jamaica,2024-03-24,1637
Jamaica,2024-06-06,1639
Jamaica,2024-06-09,1641
Jamaica,2024-06-22,1626
Jamaica,2024-06-26,1609
Jamaica,2024-06-30,1588
Jamaica,2024-09-06,1572
Jamaica,2024-09-10,1595
Jamaica,2024-10-10,1615
Jamaica,2024-10-14,1605
Jamaica,2024-11-14,1586
Jamaica,2024-11-18,1575
Jamaica,2025-10-10,1535
Jamaica,2025-11-18,1528
Jamaica,2026-03-31,1535
Japan,2024-01-01,1906
Japan,2024-01-09,1910
Japan,2024-01-14,1913
Japan,2024-01-19,1871
Japan,2024-01-24,1873
Japan,2024-01-31,1880
Japan,2024-02-03,1851
Japan,2024-03-21,1852
Japan,2024-06-06,1853
Japan,2024-06-11,1857
Japan,2024-09-05,1860
Japan,2024-09-10,1874
Japan,2024-10-10,1889
Japan,2024-10-15,1876
Japan,2024-11-15,1882
Japan,2024-11-19,1889
Japan,2025-06-05,1854
Japan,2025-06-10,1857
Japan,2025-09-06,1882
Japan,2025-09-09,1863
Japan,2025-10-10,1860
Japan,2025-10-14,1871
Japan,2025-11-14,1873
Japan,2025-11-18,1878
Japan,2026-03-28,1888
Japan,2026-03-31,1904
Jordan,2024-01-05,1517
Jordan,2024-01-09,1513
Jordan,2024-01-15,1535
Jordan,2024-01-20,1552
Jordan,2024-01-25,1519
Jordan,2024-01-29,1554
Jordan,2024-02-02,1569
Jordan,2024-02-06,1627
Jordan,2024-02-10,1597
Jordan,2024-03-21,1598
Jordan,2024-03-26,1599
Jordan,2024-06-06,1609
Jordan,2024-06-11,1635
Jordan,2024-08-27,1628
Jordan,2024-08-29,1631
Jordan,2024-09-05,1615
Jordan,2024-09-10,1630
Jordan,2024-10-10,1601
Jordan,2024-10-15,1620
Jordan,2024-11-14,1627
Jordan,2024-11-19,1617
Jordan,2025-11-14,1609
Jordan,2025-11-18,1609
Jordan,2025-12-03,1625
Jordan,2025-12-06,1635
Jordan,2025-12-09,1669
Jordan,2025-12-12,1685
Jordan,2025-12-15,1701
Jordan,2025-12-18,1689
Jordan,2026-03-27,1687
Jordan,2026-03-31,1690
Kazakhstan,2024-03-14,1486
Kazakhstan,2024-03-21,1476
Kazakhstan,2024-03-26,1470
Kazakhstan,2024-06-07,1462
Kazakhstan,2024-06-11,1453
Kazakhstan,2024-09-06,1463
Kazakhstan,2024-09-09,1457
Kazakhstan,2024-10-10,1453
Kazakhstan,2024-10-13,1443
Kazakhstan,2024-11-14,1435
Kazakhstan,2024-11-17,1430
Kazakhstan,2025-09-07,1389
Kazakhstan,2025-11-15,1421
Kenya,2024-03-23,1382
Kenya,2024-03-26,1402
Kenya,2024-06-07,1395
Kenya,2024-06-11,1407
Kenya,2024-06-27,1440
Kenya,2024-06-30,1397
Kenya,2024-07-02,1422
Kenya,2024-09-06,1416
Kenya,2024-09-10,1433
Kenya,2024-10-11,1419
Kenya,2024-10-14,1408
Kenya,2024-11-15,1407
Kenya,2024-11-19,1402
Kenya,2025-10-14,1354
Kenya,2025-11-18,1344
Kosovo,2024-03-22,1512
Kosovo,2024-03-26,1510
Kosovo,2024-06-05,1505
Kosovo,2024-09-06,1478
Kosovo,2024-09-09,1512
Kosovo,2024-10-12,1527
Kosovo,2024-10-15,1536
Kosovo,2024-11-15,1550
Kosovo,2024-11-18,1554
Kosovo,2025-09-05,1600
Kosovo,2025-09-08,1636
Kosovo,2025-10-13,1665
Kosovo,2025-11-18,1714
Kosovo,2026-03-31,1721
Kuwait,2024-01-12,1355
Kuwait,2024-01-19,1340
Kuwait,2024-03-21,1333
Kuwait,2024-03-26,1324
Kuwait,2024-06-06,1322
Kuwait,2024-06-11,1328
Kuwait,2024-09-05,1344
Kuwait,2024-09-10,1355
Kuwait,2024-10-10,1340
Kuwait,2024-10-15,1344
Kuwait,2024-11-14,1336
Kuwait,2024-11-19,1346
Kuwait,2024-12-09,1340
Kuwait,2024-12-12,1329
Kuwait,2024-12-15,1314
Kuwait,2024-12-21,1318
Kuwait,2024-12-24,1346
Kuwait,2024-12-27,1351
Kuwait,2024-12-31,1333
Kuwait,2025-06-10,1289
Kuwait,2025-10-10,1292
Kuwait,2025-12-06,1343
Latvia,2024-03-21,1349
Latvia,2024-03-26,1341
Latvia,2024-06-08,1312
Latvia,2024-06-11,1321
Latvia,2024-09-07,1307
Latvia,2024-09-10,1319
Latvia,2024-10-10,1297
Latvia,2024-10-13,1300
Latvia,2024-11-14,1296
Latvia,2024-11-17,1276
Latvia,2025-10-14,1278
Lebanon,2024-01-04,1309
Lebanon,2024-01-12,1296
Lebanon,2024-01-17,1305
Lebanon,2024-01-22,1285
Lebanon,2024-03-21,1283
Lebanon,2024-03-26,1280
Lebanon,2024-06-06,1288
Lebanon,2024-06-11,1297
Lebanon,2024-09-04,1316
Lebanon,2024-09-08,1304
Lebanon,2024-11-14,1310
Lebanon,2024-11-19,1313
Lebanon,2024-12-12,1324
Lebanon,2024-12-15,1339
Lebanon,2025-08-24,1344
Libya,2024-01-02,1372
Libya,2024-01-05,1379
Libya,2024-01-12,1394
Libya,2024-03-22,1408
Libya,2024-03-26,1408
Libya,2024-06-06,1410
Libya,2024-06-11,1402
Libya,2024-08-31,1407
Libya,2024-09-04,1398
Libya,2024-09-10,1377
Libya,2024-10-11,1371
Libya,2024-11-14,1395
Libya,2024-11-18,1391
Libya,2025-10-08,1430
Liechtenstein,2024-03-22,950
Liechtenstein,2024-03-26,958
Liechtenstein,2024-06-03,957
Liechtenstein,2024-06-07,967
Liechtenstein,2024-09-05,942
Liechtenstein,2024-09-08,953
Liechtenstein,2024-10-10,965
Liechtenstein,2024-10-13,965
Liechtenstein,2024-11-14,962
Liechtenstein,2024-11-18,913
Liechtenstein,2025-06-09,905
Liechtenstein,2025-09-04,904
Liechtenstein,2025-11-18,900
Lithuania,2024-03-21,1326
Lithuania,2024-03-26,1330
Lithuania,2024-06-08,1359
Lithuania,2024-06-11,1355
Lithuania,2024-09-06,1327
Lithuania,2024-09-09,1323
Lithuania,2024-10-12,1308
Lithuania,2024-10-15,1302
Lithuania,2024-11-15,1287
Lithuania,2024-11-18,1283
Lithuania,2025-09-07,1284
Lithuania,2025-11-17,1276
Luxembourg,2024-03-21,1507
Luxembourg,2024-03-26,1513
Luxembourg,2024-06-05,1512
Luxembourg,2024-06-08,1511
Luxembourg,2024-09-05,1490
Luxembourg,2024-09-08,1462
Luxembourg,2024-10-12,1470
Luxembourg,2024-10-15,1470
Luxembourg,2024-11-15,1444
Luxembourg,2024-11-18,1445
Luxembourg,2025-10-10,1413
Luxembourg,2025-11-14,1401
Malaysia,2024-01-08,1305
Malaysia,2024-01-15,1283
Malaysia,2024-01-20,1267
Malaysia,2024-01-25,1290
Malaysia,2024-03-15,1292
Malaysia,2024-03-21,1284
Malaysia,2024-03-26,1266
Malaysia,2024-06-06,1272
Malaysia,2024-06-11,1276
Malaysia,2024-09-04,1280
Malaysia,2024-09-08,1292
Malaysia,2024-10-14,1288
Malaysia,2024-11-14,1289
Malaysia,2024-11-18,1289
Malaysia,2024-12-08,1274
Malaysia,2024-12-11,1275
Malaysia,2024-12-14,1268
Malaysia,2024-12-20,1255
Malaysia,2025-06-03,1253
Mali,2024-01-06,1620
Mali,2024-01-16,1643
Mali,2024-01-20,1646
Mali,2024-01-24,1630
Mali,2024-01-30,1649
Mali,2024-02-03,1625
Mali,2024-03-22,1631
Mali,2024-03-26,1646
Mali,2024-06-06,1614
Mali,2024-06-11,1600
Mali,2024-09-06,1587
Mali,2024-09-10,1591
Mali,2024-10-11,1596
Mali,2024-10-15,1588
Mali,2024-11-15,1605
Mali,2024-11-19,1610
Mali,2025-09-08,1597
Mali,2025-11-18,1612
Mali,2025-12-26,1615
Mali,2026-01-03,1600
Mali,2026-01-09,1589
Malta,2024-03-21,1257
Malta,2024-03-26,1260
Malta,2024-06-07,1258
Malta,2024-06-11,1256
Malta,2024-09-07,1241
Malta,2024-09-10,1259
Malta,2024-10-13,1280
Malta,2024-11-14,1283
Malta,2024-11-19,1269
Malta,2025-06-10,1250
Malta,2025-10-09,1257
Malta,2025-10-12,1247
Mauritania,2024-01-06,1399
Mauritania,2024-01-16,1385
Mauritania,2024-01-20,1363
Mauritania,2024-01-23,1407
Mauritania,2024-01-29,1391
Mauritania,2024-03-22,1385
Mauritania,2024-03-26,1394
Mauritania,2024-06-06,1351
Mauritania,2024-06-09,1345
Mauritania,2024-09-07,1358
Mauritania,2024-09-10,1348
Mauritania,2024-10-11,1343
Mauritania,2024-10-15,1335
Mauritania,2024-11-15,1341
Mauritania,2024-11-19,1364
Mauritania,2026-03-27,1311
Mauritius,2024-03-22,1029
Mauritius,2024-03-26,1011
Mauritius,2024-06-06,1009
Mauritius,2024-06-11,1036
Mauritius,2024-09-03,1046
Mauritius,2024-09-06,1041
Mauritius,2024-11-19,1036
Mauritius,2025-09-04,1087
Mexico,2024-03-21,1826
Mexico,2024-03-24,1800
Mexico,2024-05-31,1805
Mexico,2024-06-05,1795
Mexico,2024-06-08,1791
Mexico,2024-06-22,1806
Mexico,2024-06-26,1779
Mexico,2024-06-30,1785
Mexico,2024-09-07,1793
Mexico,2024-09-10,1792
Mexico,2024-10-15,1801
Mexico,2024-11-15,1757
Mexico,2024-11-19,1769
Mexico,2025-06-07,1802
Mexico,2025-06-10,1813
Mexico,2025-07-06,1861
Mexico,2025-09-06,1862
Mexico,2025-09-09,1859
Mexico,2025-10-11,1847
Mexico,2025-10-14,1846
Mexico,2025-11-15,1845
Mexico,2025-11-18,1834
Mexico,2026-01-22,1844
Mexico,2026-01-25,1852
Mexico,2026-02-25,1856
Mexico,2026-03-28,1857
Mexico,2026-03-31,1857
Moldova,2024-03-22,1344
Moldova,2024-03-26,1346
Moldova,2024-06-08,1352
Moldova,2024-06-11,1349
Moldova,2024-09-07,1364
Moldova,2024-09-10,1364
Moldova,2024-10-10,1370
Moldova,2024-10-13,1349
Moldova,2024-11-16,1360
Moldova,2024-11-19,1355
Moldova,2025-09-09,1300
Montenegro,2024-03-21,1561
Montenegro,2024-03-25,1571
Montenegro,2024-06-05,1570
Montenegro,2024-06-09,1554
Montenegro,2024-09-06,1533
Montenegro,2024-09-09,1516
Montenegro,2024-10-11,1512
Montenegro,2024-10-14,1506
Montenegro,2024-11-16,1472
Montenegro,2024-11-19,1520
Montenegro,2025-06-06,1519
Montenegro,2025-09-05,1494
Montenegro,2025-09-08,1491
Montenegro,2025-11-17,1443
Morocco,2024-01-11,1847
Morocco,2024-01-17,1852
Morocco,2024-01-21,1832
Morocco,2024-01-24,1838
Morocco,2024-01-30,1773
Morocco,2024-03-22,1775
Morocco,2024-03-26,1766
Morocco,2024-06-07,1770
Morocco,2024-06-11,1773
Morocco,2024-09-06,1778
Morocco,2024-09-09,1779
Morocco,2024-10-12,1782
Morocco,2024-10-15,1785
Morocco,2024-11-15,1800
Morocco,2024-11-18,1802
Morocco,2025-12-08,1826
Morocco,2025-12-18,1854
Morocco,2025-12-21,1856
Morocco,2025-12-26,1837
Morocco,2025-12-29,1840
Morocco,2026-01-04,1842
Morocco,2026-01-09,1852
Morocco,2026-01-14,1838
Morocco,2026-01-18,1806
Morocco,2026-03-27,1810
Morocco,2026-03-31,1821
Mozambique,2024-01-06,1364
Mozambique,2024-01-08,1363
Mozambique,2024-01-14,1381
Mozambique,2024-01-19,1352
Mozambique,2024-01-22,1363
Mozambique,2024-06-07,1365
Mozambique,2024-06-10,1393
Mozambique,2024-06-26,1407
Mozambique,2024-06-29,1397
Mozambique,2024-07-02,1422
Mozambique,2024-07-05,1421
Mozambique,2024-07-07,1416
Mozambique,2024-09-06,1429
Mozambique,2024-09-10,1440
Mozambique,2024-10-11,1425
Mozambique,2024-10-14,1442
Mozambique,2024-11-15,1425
Mozambique,2024-11-19,1447
Mozambique,2025-12-24,1369
Netherlands,2024-03-22,1977
Netherlands,2024-03-26,1968
Netherlands,2024-06-06,1972
Netherlands,2024-06-10,1974
Netherlands,2024-06-16,1985
Netherlands,2024-06-21,1992
Netherlands,2024-06-25,1959
Netherlands,2024-07-02,1975
Netherlands,2024-07-06,1989
Netherlands,2024-07-10,1963
Netherlands,2024-09-07,1965
Netherlands,2024-09-10,1959
Netherlands,2024-10-11,1954
Netherlands,2024-10-14,1940
Netherlands,2024-11-16,1954
Netherlands,2024-11-19,1938
Netherlands,2025-06-07,1974
Netherlands,2025-06-10,1975
Netherlands,2025-09-04,1959
Netherlands,2025-09-07,1960
Netherlands,2025-10-09,1962
Netherlands,2025-10-12,1966
Netherlands,2025-11-14,1958
Netherlands,2025-11-17,1959
Netherlands,2026-03-27,1965
Netherlands,2026-03-31,1961
New Zealand,2024-03-22,1518
New Zealand,2024-03-26,1525
New Zealand,2024-06-18,1540
New Zealand,2024-06-21,1550
New Zealand,2024-06-27,1560
New Zealand,2024-06-30,1570
New Zealand,2024-09-07,1562
New Zealand,2024-09-10,1569
New Zealand,2024-10-11,1576
New Zealand,2024-10-14,1580
New Zealand,2024-11-15,1583
New Zealand,2024-11-18,1583
New Zealand,2025-06-07,1610
New Zealand,2025-06-10,1602
New Zealand,2025-09-05,1599
New Zealand,2025-09-09,1587
New Zealand,2025-10-09,1583
New Zealand,2025-10-14,1591
New Zealand,2025-11-15,1589
New Zealand,2025-11-18,1585
New Zealand,2026-03-27,1552
New Zealand,2026-03-30,1585
Nicaragua,2024-03-22,1330
Nicaragua,2024-03-26,1316
Nicaragua,2024-05-26,1321
Nicaragua,2024-06-05,1327
Nicaragua,2024-06-08,1349
Nicaragua,2024-09-06,1371
Nicaragua,2024-09-10,1373
Nicaragua,2024-10-10,1353
Nicaragua,2024-10-14,1363
Nicaragua,2025-10-09,1302
Nicaragua,2025-11-18,1328
Nigeria,2024-01-08,1565
Nigeria,2024-01-14,1561
Nigeria,2024-01-18,1599
Nigeria,2024-01-22,1610
Nigeria,2024-01-27,1645
Nigeria,2024-02-02,1662
Nigeria,2024-02-07,1656
Nigeria,2024-02-11,1634
Nigeria,2024-03-22,1641
Nigeria,2024-03-26,1626
Nigeria,2024-06-07,1618
Nigeria,2024-06-10,1586
Nigeria,2024-09-07,1597
Nigeria,2024-09-10,1589
Nigeria,2024-10-11,1595
Nigeria,2024-11-14,1586
Nigeria,2024-11-18,1550
Nigeria,2025-05-28,1569
Nigeria,2025-09-09,1584
Nigeria,2025-11-16,1627
Nigeria,2025-12-27,1654
Nigeria,2026-01-10,1731
Nigeria,2026-01-14,1745
Nigeria,2026-01-17,1739
Nigeria,2026-03-27,1755
Nigeria,2026-03-31,1752
North Korea,2024-03-21,1369
North Korea,2024-06-06,1393
North Korea,2024-06-11,1397
North Korea,2024-08-27,1404
North Korea,2024-08-29,1401
North Korea,2024-09-05,1397
North Korea,2024-09-10,1407
North Korea,2024-10-10,1419
North Korea,2024-10-15,1396
North Korea,2024-11-14,1393
North Korea,2024-11-19,1387
North Korea,2025-06-10,1375
North Macedonia,2024-03-22,1561
North Macedonia,2024-03-25,1551
North Macedonia,2024-06-03,1549
North Macedonia,2024-06-10,1546
North Macedonia,2024-09-07,1536
North Macedonia,2024-09-10,1553
North Macedonia,2024-10-10,1575
North Macedonia,2024-10-13,1603
North Macedonia,2024-11-14,1607
North Macedonia,2024-11-17,1610
North Macedonia,2025-06-06,1620
North Macedonia,2025-10-10,1638
Northern Ireland,2024-03-22,1498
Northern Ireland,2024-03-26,1516
Northern Ireland,2024-06-08,1515
Northern Ireland,2024-06-11,1518
Northern Ireland,2024-09-05,1539
Northern Ireland,2024-09-08,1522
Northern Ireland,2024-10-12,1519
Northern Ireland,2024-10-15,1545
Northern Ireland,2024-11-15,1561
Northern Ireland,2024-11-18,1560
Northern Ireland,2025-09-07,1585
Northern Ireland,2025-10-13,1607
Norway,2024-03-22,1742
Norway,2024-03-26,1737
Norway,2024-06-05,1742
Norway,2024-06-08,1734
Norway,2024-09-06,1724
Norway,2024-09-09,1747
Norway,2024-10-10,1775
Norway,2024-10-13,1756
Norway,2024-11-14,1801
Norway,2024-11-17,1806
Norway,2025-06-06,1862
Norway,2025-06-09,1866
Norway,2025-09-04,1868
Norway,2025-09-09,1870
Norway,2025-10-11,1880
Norway,2025-10-14,1872
Norway,2025-11-13,1874
Norway,2025-11-16,1922
Norway,2026-03-27,1916
Norway,2026-03-31,1912
Oman,2024-01-06,1568
Oman,2024-01-16,1544
Oman,2024-01-21,1535
Oman,2024-01-25,1518
Oman,2024-03-21,1526
Oman,2024-03-26,1544
Oman,2024-06-06,1547
Oman,2024-06-11,1531
Oman,2024-09-05,1523
Oman,2024-09-10,1501
Oman,2024-10-10,1516
Oman,2024-10-15,1497
Oman,2024-11-14,1507
Oman,2024-11-19,1489
Oman,2024-12-16,1490
Oman,2024-12-21,1486
Oman,2024-12-24,1510
Oman,2024-12-27,1511
Oman,2024-12-31,1534
Oman,2025-10-08,1520
Oman,2025-11-18,1492
Oman,2025-12-02,1460
Palestine,2024-01-07,1405
Palestine,2024-01-09,1410
Palestine,2024-01-14,1403
Palestine,2024-01-18,1411
Palestine,2024-01-23,1422
Palestine,2024-01-29,1412
Palestine,2024-03-21,1417
Palestine,2024-03-26,1421
Palestine,2024-06-06,1413
Palestine,2024-06-11,1408
Palestine,2024-09-05,1425
Palestine,2024-09-10,1410
Palestine,2024-10-10,1405
Palestine,2024-10-15,1401
Palestine,2024-11-14,1391
Palestine,2024-11-19,1407
Palestine,2025-12-01,1475
Palestine,2025-12-04,1483
Palestine,2025-12-11,1469
Panama,2024-03-21,1733
Panama,2024-03-24,1706
Panama,2024-06-06,1709
Panama,2024-06-09,1710
Panama,2024-06-16,1697
Panama,2024-06-23,1685
Panama,2024-06-27,1724
Panama,2024-07-01,1746
Panama,2024-07-06,1730
Panama,2024-10-12,1719
Panama,2024-10-15,1713
Panama,2024-11-14,1736
Panama,2024-11-18,1726
Panama,2025-09-04,1748
Panama,2025-09-08,1733
Panama,2025-10-10,1740
Panama,2025-10-14,1723
Panama,2025-11-13,1738
Panama,2025-11-18,1742
Panama,2026-01-18,1743
Panama,2026-01-22,1733
Panama,2026-03-27,1730
Panama,2026-03-31,1737
Paraguay,2024-06-07,1709
Paraguay,2024-06-11,1697
Paraguay,2024-06-16,1710
Paraguay,2024-06-24,1703
Paraguay,2024-06-28,1690
Paraguay,2024-07-02,1661
Paraguay,2024-09-06,1678
Paraguay,2024-09-10,1710
Paraguay,2024-10-10,1723
Paraguay,2024-10-15,1741
Paraguay,2024-11-14,1775
Paraguay,2024-11-19,1774
Paraguay,2025-06-05,1831
Paraguay,2025-06-10,1824
Paraguay,2025-09-04,1823
Paraguay,2025-09-09,1843
Paraguay,2025-10-10,1846
Paraguay,2025-10-14,1832
Paraguay,2025-11-15,1821
Paraguay,2025-11-18,1832
Paraguay,2026-03-27,1843
Paraguay,2026-03-31,1832
Peru,2024-03-22,1744
Peru,2024-03-26,1745
Peru,2024-06-07,1741
Peru,2024-06-14,1743
Peru,2024-06-21,1742
Peru,2024-06-25,1715
Peru,2024-06-29,1709
Peru,2024-09-06,1721
Peru,2024-09-10,1713
Peru,2024-10-11,1741
Peru,2024-10-15,1733
Peru,2024-11-15,1724
Peru,2024-11-19,1722
Peru,2025-06-06,1739
Peru,2025-06-10,1743
Peru,2025-09-04,1730
Peru,2025-09-09,1710
Peru,2026-03-28,1699
Poland,2024-03-21,1714
Poland,2024-03-26,1720
Poland,2024-06-07,1737
Poland,2024-06-10,1745
Poland,2024-06-16,1734
Poland,2024-06-21,1709
Poland,2024-06-25,1729
Poland,2024-09-05,1755
Poland,2024-09-08,1747
Poland,2024-10-12,1728
Poland,2024-10-15,1733
Poland,2024-11-15,1724
Poland,2024-11-18,1699
Poland,2025-09-04,1698
Poland,2025-10-09,1714
Poland,2025-11-14,1730
Poland,2026-03-31,1729
Portugal,2024-03-21,2035
Portugal,2024-03-26,2012
Portugal,2024-06-04,2014
Portugal,2024-06-08,2000
Portugal,2024-06-11,2002
Portugal,2024-06-18,2013
Portugal,2024-06-22,2031
Portugal,2024-06-26,1963
Portugal,2024-07-01,1950
Portugal,2024-07-05,1959
Portugal,2024-09-05,1971
Portugal,2024-09-08,1975
Portugal,2024-10-12,1994
Portugal,2024-10-15,1984
Portugal,2024-11-15,1993
Portugal,2024-11-18,1993
Portugal,2025-06-04,2020
Portugal,2025-06-08,2030
Portugal,2025-09-06,2033
Portugal,2025-09-09,2041
Portugal,2025-10-11,2043
Portugal,2025-10-14,2026
Portugal,2025-11-13,1974
Portugal,2025-11-16,1976
Portugal,2026-03-28,1975
Portugal,2026-03-31,1984
Puerto Rico,2024-03-21,1146
Puerto Rico,2024-03-24,1129
Puerto Rico,2024-06-06,1145
Puerto Rico,2024-06-11,1147
Puerto Rico,2024-09-06,1134
Puerto Rico,2024-09-09,1141
Puerto Rico,2024-10-11,1109
Puerto Rico,2024-10-14,1119
Puerto Rico,2024-11-15,1131
Puerto Rico,2024-11-18,1120
Puerto Rico,2025-10-14,1134
Qatar,2024-01-05,1520
Qatar,2024-01-12,1533
Qatar,2024-01-17,1543
Qatar,2024-01-22,1554
Qatar,2024-01-29,1564
Qatar,2024-02-03,1564
Qatar,2024-02-07,1601
Qatar,2024-02-10,1631
Qatar,2024-03-21,1638
Qatar,2024-03-26,1647
Qatar,2024-06-06,1629
Qatar,2024-06-11,1631
Qatar,2024-09-05,1584
Qatar,2024-09-10,1574
Qatar,2024-10-10,1579
Qatar,2024-10-15,1565
Qatar,2024-11-14,1587
Qatar,2024-11-19,1552
Qatar,2024-12-21,1553
Qatar,2024-12-24,1529
Qatar,2024-12-27,1524
Qatar,2025-06-05,1530
Qatar,2025-06-10,1517
Qatar,2025-08-24,1500
Qatar,2025-09-03,1496
Qatar,2025-09-07,1487
Qatar,2025-10-08,1483
Qatar,2025-10-14,1502
Qatar,2025-11-17,1486
Qatar,2025-12-01,1458
Qatar,2025-12-04,1454
Qatar,2025-12-07,1425
Republic of Ireland,2024-03-23,1615
Republic of Ireland,2024-03-26,1607
Republic of Ireland,2024-06-04,1621
Republic of Ireland,2024-06-11,1619
Republic of Ireland,2024-09-07,1608
Republic of Ireland,2024-09-10,1582
Republic of Ireland,2024-10-10,1609
Republic of Ireland,2024-10-13,1600
Republic of Ireland,2024-11-14,1613
Republic of Ireland,2024-11-17,1608
Republic of Ireland,2025-10-11,1601
Republic of Ireland,2025-11-13,1659
Republic of Ireland,2026-03-26,1696
Romania,2024-03-22,1667
Romania,2024-03-26,1664
Romania,2024-06-04,1657
Romania,2024-06-07,1647
Romania,2024-06-17,1714
Romania,2024-06-22,1698
Romania,2024-06-26,1698
Romania,2024-07-02,1682
Romania,2024-09-06,1709
Romania,2024-09-09,1713
Romania,2024-10-12,1723
Romania,2024-10-15,1729
Romania,2024-11-15,1715
Romania,2024-11-18,1719
Romania,2025-06-07,1677
Romania,2025-09-05,1663
Romania,2025-10-12,1677
Romania,2025-11-15,1642
Romania,2026-03-26,1637
Russia,2024-03-21,1773
Russia,2024-06-07,1781
Russia,2024-09-05,1786
Russia,2024-11-15,1786
Russia,2024-11-19,1789
Russia,2025-09-07,1796
Russia,2025-10-10,1802
Rwanda,2024-03-22,1307
Rwanda,2024-03-25,1337
Rwanda,2024-06-06,1318
Rwanda,2024-06-11,1336
Rwanda,2024-09-04,1345
Rwanda,2024-09-10,1353
Rwanda,2024-10-11,1323
Rwanda,2024-10-15,1344
Rwanda,2024-11-14,1320
Rwanda,2024-11-18,1356
Rwanda,2025-10-14,1309
San Marino,2024-03-20,770
San Marino,2024-03-24,776
San Marino,2024-06-05,776
San Marino,2024-06-11,773
San Marino,2024-09-05,798
San Marino,2024-09-10,798
San Marino,2024-10-10,793
San Marino,2024-10-13,790
San Marino,2024-11-15,799
San Marino,2024-11-18,848
San Marino,2025-06-07,845
San Marino,2025-06-10,845
San Marino,2025-09-06,842
San Marino,2025-10-09,841
San Marino,2025-11-13,833
Saudi Arabia,2024-01-04,1589
Saudi Arabia,2024-01-09,1584
Saudi Arabia,2024-01-10,1586
Saudi Arabia,2024-01-16,1610
Saudi Arabia,2024-01-21,1618
Saudi Arabia,2024-01-25,1605
Saudi Arabia,2024-01-30,1616
Saudi Arabia,2024-03-21,1621
Saudi Arabia,2024-03-26,1613
Saudi Arabia,2024-06-06,1614
Saudi Arabia,2024-06-11,1588
Saudi Arabia,2024-09-05,1573
Saudi Arabia,2024-09-10,1589
Saudi Arabia,2024-10-10,1574
Saudi Arabia,2024-10-15,1563
Saudi Arabia,2024-11-14,1576
Saudi Arabia,2024-11-19,1536
Saudi Arabia,2024-12-17,1542
Saudi Arabia,2024-12-22,1517
Saudi Arabia,2024-12-25,1520
Saudi Arabia,2024-12-28,1559
Saudi Arabia,2024-12-31,1536
Saudi Arabia,2025-06-10,1591
Saudi Arabia,2025-09-08,1587
Saudi Arabia,2025-10-14,1585
Saudi Arabia,2025-11-14,1593
Saudi Arabia,2025-11-18,1578
Saudi Arabia,2025-12-02,1592
Saudi Arabia,2025-12-05,1606
Saudi Arabia,2025-12-08,1597
Saudi Arabia,2025-12-11,1611
Saudi Arabia,2025-12-15,1595
Saudi Arabia,2026-03-27,1571
Saudi Arabia,2026-03-31,1568
Scotland,2024-03-22,1793
Scotland,2024-03-26,1775
Scotland,2024-06-03,1775
Scotland,2024-06-07,1769
Scotland,2024-06-14,1751
Scotland,2024-06-19,1758
Scotland,2024-06-23,1734
Scotland,2024-09-05,1708
Scotland,2024-09-08,1704
Scotland,2024-10-12,1698
Scotland,2024-10-15,1708
Scotland,2024-11-15,1734
Scotland,2024-11-18,1759
Scotland,2025-06-06,1716
Scotland,2025-06-09,1717
Scotland,2025-09-05,1729
Scotland,2025-09-08,1741
Scotland,2025-10-09,1767
Scotland,2025-10-12,1771
Scotland,2025-11-15,1756
Scotland,2025-11-18,1790
Scotland,2026-03-28,1780
Scotland,2026-03-31,1767
Senegal,2024-01-08,1732
Senegal,2024-01-15,1743
Senegal,2024-01-19,1766
Senegal,2024-01-23,1778
Senegal,2024-01-29,1769
Senegal,2024-03-22,1774
Senegal,2024-03-26,1776
Senegal,2024-06-06,1761
Senegal,2024-06-09,1767
Senegal,2024-09-06,1751
Senegal,2024-09-09,1754
Senegal,2024-10-11,1756
Senegal,2024-10-15,1760
Senegal,2024-11-14,1769
Senegal,2024-11-19,1771
Senegal,2025-06-10,1785
Senegal,2025-11-15,1801
Senegal,2025-11-18,1804
Senegal,2025-12-23,1809
Senegal,2025-12-27,1797
Senegal,2025-12-30,1807
Senegal,2026-01-03,1812
Senegal,2026-01-09,1823
Senegal,2026-01-14,1838
Senegal,2026-01-18,1870
Senegal,2026-03-28,1878
Senegal,2026-03-31,1879
Serbia,2024-03-21,1786
Serbia,2024-03-25,1788
Serbia,2024-06-04,1783
Serbia,2024-06-08,1801
Serbia,2024-06-16,1788
Serbia,2024-06-20,1785
Serbia,2024-06-25,1789
Serbia,2024-09-05,1802
Serbia,2024-09-08,1784
Serbia,2024-10-12,1811
Serbia,2024-10-15,1806
Serbia,2024-11-15,1812
Serbia,2024-11-18,1809
Serbia,2025-09-09,1805
Serbia,2025-11-13,1767
Serbia,2026-03-27,1766
Serbia,2026-03-31,1769
Slovakia,2024-03-23,1649
Slovakia,2024-03-26,1654
Slovakia,2024-06-05,1654
Slovakia,2024-06-09,1670
Slovakia,2024-06-17,1713
Slovakia,2024-06-21,1693
Slovakia,2024-06-26,1693
Slovakia,2024-06-30,1684
Slovakia,2024-09-05,1693
Slovakia,2024-09-08,1701
Slovakia,2024-10-11,1695
Slovakia,2024-10-14,1712
Slovakia,2024-11-16,1698
Slovakia,2024-11-19,1701
Slovakia,2025-09-04,1707
Slovakia,2025-11-17,1687
Slovenia,2024-01-20,1724
Slovenia,2024-03-21,1716
Slovenia,2024-03-26,1739
Slovenia,2024-06-04,1741
Slovenia,2024-06-08,1733
Slovenia,2024-06-16,1740
Slovenia,2024-06-20,1743
Slovenia,2024-06-25,1758
Slovenia,2024-07-01,1771
Slovenia,2024-09-06,1771
Slovenia,2024-09-09,1777
Slovenia,2024-10-10,1749
Slovenia,2024-10-13,1759
Slovenia,2024-11-14,1714
Slovenia,2024-11-17,1727
Slovenia,2025-06-10,1752
Slovenia,2025-09-05,1747
Slovenia,2025-09-08,1731
Slovenia,2025-10-13,1735
Slovenia,2025-11-18,1695
South Africa,2024-01-10,1478
South Africa,2024-01-16,1455
South Africa,2024-01-21,1498
South Africa,2024-01-24,1510
South Africa,2024-01-30,1575
South Africa,2024-02-03,1574
South Africa,2024-02-07,1580
South Africa,2024-02-10,1576
South Africa,2024-03-21,1563
South Africa,2024-03-26,1571
South Africa,2024-06-07,1579
South Africa,2024-06-11,1585
South Africa,2024-06-26,1571
South Africa,2024-06-29,1556
South Africa,2024-07-02,1559
South Africa,2024-09-06,1545
South Africa,2024-09-10,1550
South Africa,2024-10-11,1558
South Africa,2024-10-15,1547
South Africa,2024-11-15,1573
South Africa,2024-11-19,1576
South Africa,2025-09-09,1527
South Africa,2025-10-10,1514
South Africa,2025-10-14,1525
South Africa,2025-11-15,1531
South Africa,2025-12-22,1559
South Africa,2025-12-26,1538
South Africa,2025-12-29,1551
South Africa,2026-01-04,1529
South Africa,2026-03-27,1532
South Africa,2026-03-31,1525
South Korea,2024-01-06,1804
South Korea,2024-01-15,1812
South Korea,2024-01-20,1795
South Korea,2024-01-25,1772
South Korea,2024-01-30,1761
South Korea,2024-02-02,1788
South Korea,2024-02-06,1730
South Korea,2024-03-21,1713
South Korea,2024-03-26,1732
South Korea,2024-06-06,1736
South Korea,2024-06-11,1739
South Korea,2024-09-05,1722
South Korea,2024-09-10,1744
South Korea,2024-10-10,1773
South Korea,2024-10-15,1782
South Korea,2024-11-14,1790
South Korea,2024-11-19,1774
South Korea,2025-06-05,1767
South Korea,2025-06-10,1770
South Korea,2025-09-06,1771
South Korea,2025-09-09,1774
South Korea,2025-10-10,1760
South Korea,2025-10-14,1774
South Korea,2025-11-14,1782
South Korea,2025-11-18,1784
South Korea,2026-03-28,1758
South Korea,2026-03-31,1752
Spain,2024-03-22,2023
Spain,2024-03-26,2020
Spain,2024-06-05,2020
Spain,2024-06-08,2021
Spain,2024-06-15,2058
Spain,2024-06-20,2076
Spain,2024-06-24,2080
Spain,2024-06-30,2089
Spain,2024-07-05,2112
Spain,2024-07-09,2134
Spain,2024-07-14,2150
Spain,2024-09-05,2137
Spain,2024-09-08,2157
Spain,2024-10-12,2161
Spain,2024-10-15,2166
Spain,2024-11-15,2175
Spain,2024-11-18,2178
Spain,2025-06-05,2167
Spain,2025-06-08,2157
Spain,2025-09-04,2159
Spain,2025-09-07,2179
Spain,2025-10-11,2181
Spain,2025-10-14,2182
Spain,2025-11-15,2189
Spain,2025-11-18,2172
Spain,2026-03-27,2174
Spain,2026-03-31,2165
Sudan,2024-03-10,1314
Sudan,2024-03-14,1318
Sudan,2024-03-22,1329
Sudan,2024-03-25,1320
Sudan,2024-05-15,1331
Sudan,2024-05-19,1331
Sudan,2024-06-06,1374
Sudan,2024-06-11,1397
Sudan,2024-08-30,1381
Sudan,2024-09-04,1393
Sudan,2024-09-09,1386
Sudan,2024-10-10,1397
Sudan,2024-10-15,1435
Sudan,2024-11-14,1378
Sudan,2024-11-18,1388
Sudan,2025-10-14,1368
Sudan,2025-12-06,1382
Sudan,2025-12-24,1344
Sudan,2026-01-03,1350
Suriname,2024-03-24,1307
Suriname,2024-06-05,1316
Suriname,2024-06-08,1318
Suriname,2024-09-05,1353
Suriname,2024-09-09,1337
Suriname,2024-10-11,1348
Suriname,2024-10-15,1365
Suriname,2024-11-15,1359
Suriname,2024-11-19,1356
Suriname,2025-09-04,1399
Suriname,2025-10-14,1440
Sweden,2024-01-12,1694
Sweden,2024-03-21,1691
Sweden,2024-03-25,1696
Sweden,2024-06-05,1692
Sweden,2024-06-08,1674
Sweden,2024-09-05,1697
Sweden,2024-09-08,1702
Sweden,2024-10-11,1708
Sweden,2024-10-14,1723
Sweden,2024-11-16,1737
Sweden,2024-11-19,1744
Sweden,2025-06-06,1754
Sweden,2025-06-10,1760
Sweden,2025-09-05,1765
Sweden,2025-09-08,1729
Sweden,2025-10-10,1703
Sweden,2025-10-13,1674
Sweden,2025-11-15,1664
Sweden,2025-11-18,1660
Sweden,2026-03-26,1702
Sweden,2026-03-31,1719
Switzerland,2024-03-23,1795
Switzerland,2024-03-26,1803
Switzerland,2024-06-04,1805
Switzerland,2024-06-08,1804
Switzerland,2024-06-15,1844
Switzerland,2024-06-19,1837
Switzerland,2024-06-23,1851
Switzerland,2024-06-29,1897
Switzerland,2024-07-06,1903
Switzerland,2024-09-05,1874
Switzerland,2024-09-08,1854
Switzerland,2024-10-12,1827
Switzerland,2024-10-15,1823
Switzerland,2024-11-15,1817
Switzerland,2024-11-18,1814
Switzerland,2025-06-07,1827
Switzerland,2025-06-10,1845
Switzerland,2025-09-05,1854
Switzerland,2025-09-08,1870
Switzerland,2025-10-10,1896
Switzerland,2025-10-13,1892
Switzerland,2025-11-15,1902
Switzerland,2025-11-18,1897
Switzerland,2026-03-27,1885
Switzerland,2026-03-31,1889
Syria,2024-01-05,1421
Syria,2024-01-08,1418
Syria,2024-01-13,1432
Syria,2024-01-18,1426
Syria,2024-01-23,1439
Syria,2024-01-31,1460
Syria,2024-03-21,1443
Syria,2024-03-26,1447
Syria,2024-06-06,1423
Syria,2024-06-11,1419
Syria,2024-09-06,1424
Syria,2024-09-09,1440
Syria,2024-10-11,1451
Syria,2024-10-14,1440
Syria,2024-11-19,1437
Syria,2025-12-01,1487
Syria,2025-12-04,1491
Tanzania,2024-01-07,1347
Tanzania,2024-01-17,1342
Tanzania,2024-01-21,1352
Tanzania,2024-01-24,1362
Tanzania,2024-03-22,1351
Tanzania,2024-03-25,1353
Tanzania,2024-05-15,1342
Tanzania,2024-05-19,1342
Tanzania,2024-06-02,1345
Tanzania,2024-06-11,1377
Tanzania,2024-09-04,1368
Tanzania,2024-09-10,1394
Tanzania,2024-10-10,1387
Tanzania,2024-10-15,1365
Tanzania,2024-11-16,1386
Tanzania,2024-11-19,1407
Tanzania,2025-10-14,1336
Tanzania,2025-12-30,1342
Tanzania,2026-01-04,1340
Thailand,2024-01-01,1383
Thailand,2024-01-16,1409
Thailand,2024-01-21,1418
Thailand,2024-01-25,1431
Thailand,2024-01-30,1420
Thailand,2024-03-21,1437
Thailand,2024-03-26,1418
Thailand,2024-06-06,1423
Thailand,2024-06-11,1428
Thailand,2024-09-10,1440
Thailand,2024-10-11,1442
Thailand,2024-10-14,1453
Thailand,2024-11-14,1447
Thailand,2024-11-17,1437
Thailand,2024-12-08,1438
Thailand,2024-12-14,1445
Thailand,2024-12-17,1457
Thailand,2024-12-20,1458
Thailand,2024-12-27,1425
Thailand,2024-12-30,1430
Thailand,2025-09-07,1351
Togo,2024-01-05,1387
Togo,2024-03-22,1393
Togo,2024-03-26,1393
Togo,2024-06-05,1377
Togo,2024-06-09,1370
Togo,2024-09-06,1359
Togo,2024-09-09,1372
Togo,2024-10-10,1365
Togo,2024-10-14,1356
Togo,2024-11-13,1336
Togo,2024-11-17,1381
Togo,2025-10-10,1349
Trinidad and Tobago,2024-03-01,1424
Trinidad and Tobago,2024-03-03,1427
Trinidad and Tobago,2024-03-23,1417
Trinidad and Tobago,2024-05-13,1421
Trinidad and Tobago,2024-05-15,1427
Trinidad and Tobago,2024-06-05,1410
Trinidad and Tobago,2024-06-08,1413
Trinidad and Tobago,2024-09-06,1395
Trinidad and Tobago,2024-09-10,1383
Trinidad and Tobago,2024-10-10,1384
Trinidad and Tobago,2024-10-14,1400
Trinidad and Tobago,2024-12-17,1394
Trinidad and Tobago,2025-05-31,1395
Trinidad and Tobago,2025-06-19,1394
Trinidad and Tobago,2025-09-05,1401
Trinidad and Tobago,2025-10-14,1419
Tunisia,2024-01-06,1729
Tunisia,2024-01-10,1733
Tunisia,2024-01-16,1689
Tunisia,2024-01-20,1686
Tunisia,2024-01-24,1674
Tunisia,2024-03-23,1684
Tunisia,2024-03-26,1677
Tunisia,2024-06-05,1686
Tunisia,2024-06-09,1671
Tunisia,2024-09-05,1674
Tunisia,2024-09-08,1679
Tunisia,2024-10-11,1642
Tunisia,2024-10-15,1629
Tunisia,2024-11-14,1634
Tunisia,2024-11-18,1598
Tunisia,2025-11-14,1642
Tunisia,2025-11-18,1650
Tunisia,2025-12-01,1620
Tunisia,2025-12-04,1612
Tunisia,2025-12-07,1641
Tunisia,2025-12-23,1660
Tunisia,2025-12-27,1633
Tunisia,2025-12-30,1615
Tunisia,2026-01-03,1614
Tunisia,2026-03-28,1626
Tunisia,2026-03-31,1636
Turkey,2024-03-22,1759
Turkey,2024-03-26,1749
Turkey,2024-06-04,1756
Turkey,2024-06-10,1748
Turkey,2024-06-18,1777
Turkey,2024-06-22,1759
Turkey,2024-06-26,1784
Turkey,2024-07-02,1818
Turkey,2024-07-06,1804
Turkey,2024-09-06,1803
Turkey,2024-09-09,1811
Turkey,2024-10-11,1815
Turkey,2024-10-14,1834
Turkey,2024-11-16,1822
Turkey,2024-11-19,1774
Turkey,2025-06-07,1847
Turkey,2025-06-10,1836
Turkey,2025-09-04,1855
Turkey,2025-09-07,1835
Turkey,2025-10-11,1847
Turkey,2025-10-14,1861
Turkey,2025-11-15,1864
Turkey,2025-11-18,1881
Turkey,2026-03-26,1886
Turkey,2026-03-31,1903
Uganda,2024-01-19,1380
Uganda,2024-03-22,1356
Uganda,2024-03-26,1360
Uganda,2024-06-07,1373
Uganda,2024-06-10,1361
Uganda,2024-09-06,1375
Uganda,2024-09-09,1389
Uganda,2024-10-11,1393
Uganda,2024-10-15,1403
Uganda,2024-11-15,1377
Uganda,2024-11-19,1395
Uganda,2025-12-23,1416
Ukraine,2024-03-21,1857
Ukraine,2024-03-26,1863
Ukraine,2024-06-03,1867
Ukraine,2024-06-07,1850
Ukraine,2024-06-11,1853
Ukraine,2024-06-17,1786
Ukraine,2024-06-21,1806
Ukraine,2024-06-26,1816
Ukraine,2024-09-07,1786
Ukraine,2024-09-10,1767
Ukraine,2024-10-11,1786
Ukraine,2024-10-14,1783
Ukraine,2024-11-16,1784
Ukraine,2024-11-19,1802
Ukraine,2025-06-10,1799
Ukraine,2025-09-05,1788
Ukraine,2025-11-13,1788
Ukraine,2026-03-26,1760
United Arab Emirates,2024-01-06,1518
United Arab Emirates,2024-01-14,1524
United Arab Emirates,2024-01-18,1516
United Arab Emirates,2024-01-23,1509
United Arab Emirates,2024-01-28,1501
United Arab Emirates,2024-03-21,1503
United Arab Emirates,2024-03-26,1509
United Arab Emirates,2024-06-06,1511
United Arab Emirates,2024-06-11,1502
United Arab Emirates,2024-09-05,1549
United Arab Emirates,2024-09-10,1538
United Arab Emirates,2024-10-10,1526
United Arab Emirates,2024-10-15,1519
United Arab Emirates,2024-11-14,1528
United Arab Emirates,2024-11-19,1563
United Arab Emirates,2024-12-21,1562
United Arab Emirates,2024-12-24,1534
United Arab Emirates,2024-12-27,1533
United Arab Emirates,2025-03-20,1528
United Arab Emirates,2025-06-05,1544
United Arab Emirates,2025-10-14,1548
United Arab Emirates,2025-11-13,1544
United Arab Emirates,2025-11-18,1532
United Arab Emirates,2025-12-03,1516
United Arab Emirates,2025-12-12,1548
United States,2024-01-20,1760
United States,2024-03-21,1772
United States,2024-03-24,1798
United States,2024-06-08,1785
United States,2024-06-12,1789
United States,2024-06-23,1800
United States,2024-06-27,1761
United States,2024-07-01,1746
United States,2024-09-07,1733
United States,2024-09-10,1726
United States,2024-10-12,1737
United States,2024-10-15,1728
United States,2024-11-14,1747
United States,2024-11-18,1758
United States,2025-06-07,1712
United States,2025-06-10,1694
United States,2025-06-22,1721
United States,2025-07-02,1720
United States,2025-07-06,1696
United States,2025-09-06,1679
United States,2025-09-09,1698
United States,2025-10-10,1702
United States,2025-10-14,1712
United States,2025-11-15,1723
United States,2025-11-18,1747
United States,2026-03-28,1730
United States,2026-03-31,1721
Uruguay,2024-03-26,1988
Uruguay,2024-05-31,1981
Uruguay,2024-06-05,1991
Uruguay,2024-06-23,2003
Uruguay,2024-06-27,2011
Uruguay,2024-07-01,2026
Uruguay,2024-07-06,2026
Uruguay,2024-07-10,2002
Uruguay,2024-07-13,1986
Uruguay,2024-09-01,1977
Uruguay,2024-09-06,1960
Uruguay,2024-09-10,1955
Uruguay,2024-10-11,1927
Uruguay,2024-10-15,1918
Uruguay,2024-11-15,1939
Uruguay,2024-11-19,1948
Uruguay,2025-06-05,1889
Uruguay,2025-06-10,1901
Uruguay,2025-09-04,1914
Uruguay,2025-09-09,1907
Uruguay,2025-10-10,1908
Uruguay,2025-10-13,1913
Uruguay,2025-11-15,1914
Uruguay,2025-11-18,1890
Uruguay,2026-03-27,1896
Uruguay,2026-03-31,1892
Uzbekistan,2024-01-07,1647
Uzbekistan,2024-01-13,1633
Uzbekistan,2024-01-18,1642
Uzbekistan,2024-01-23,1652
Uzbekistan,2024-01-30,1663
Uzbekistan,2024-02-03,1663
Uzbekistan,2024-03-21,1666
Uzbekistan,2024-03-26,1667
Uzbekistan,2024-06-06,1669
Uzbekistan,2024-06-11,1681
Uzbekistan,2024-09-05,1685
Uzbekistan,2024-09-10,1691
Uzbekistan,2024-10-10,1693
Uzbekistan,2024-10-15,1700
Uzbekistan,2024-11-14,1678
Uzbekistan,2024-11-19,1684
Uzbekistan,2025-03-25,1697
Uzbekistan,2025-06-05,1694
Uzbekistan,2025-06-10,1707
Uzbekistan,2025-10-10,1719
Uzbekistan,2025-10-13,1714
Uzbekistan,2025-11-14,1734
Uzbekistan,2025-11-18,1735
Uzbekistan,2026-01-26,1728
Uzbekistan,2026-03-27,1732
Uzbekistan,2026-03-30,1727
Venezuela,2024-03-21,1750
Venezuela,2024-03-24,1744
Venezuela,2024-06-22,1778
Venezuela,2024-06-26,1805
Venezuela,2024-06-30,1826
Venezuela,2024-07-05,1820
Venezuela,2024-09-05,1765
Venezuela,2024-09-10,1770
Venezuela,2024-10-10,1783
Venezuela,2024-10-15,1765
Venezuela,2024-11-14,1773
Venezuela,2024-11-19,1744
Venezuela,2025-06-10,1745
Venezuela,2025-09-04,1741
Venezuela,2025-09-09,1717
Venezuela,2025-10-10,1715
Venezuela,2025-11-14,1727
Venezuela,2025-11-18,1715
Venezuela,2026-03-30,1727
Wales,2024-03-21,1715
Wales,2024-03-26,1709
Wales,2024-06-06,1699
Wales,2024-06-09,1683
Wales,2024-09-06,1684
Wales,2024-09-09,1701
Wales,2024-10-11,1699
Wales,2024-10-14,1705
Wales,2024-11-16,1717
Wales,2024-11-19,1732
Wales,2025-06-09,1726
Wales,2025-09-09,1724
Wales,2025-10-09,1721
Wales,2025-10-13,1692
Wales,2026-03-26,1703
Zambia,2024-01-09,1492
Zambia,2024-01-17,1492
Zambia,2024-01-21,1482
Zambia,2024-01-24,1476
Zambia,2024-03-23,1470
Zambia,2024-03-26,1483
Zambia,2024-06-07,1479
Zambia,2024-06-11,1447
Zambia,2024-06-27,1414
Zambia,2024-06-30,1374
Zambia,2024-07-02,1351
Zambia,2024-09-06,1345
Zambia,2024-09-10,1358
Zambia,2024-10-11,1344
Zambia,2024-10-15,1355
Zambia,2024-11-15,1383
Zambia,2024-11-19,1408
Zambia,2025-11-15,1368
Zambia,2025-12-29,1371
Zambia,2026-03-31,1371
Zimbabwe,2024-03-23,1341
Zimbabwe,2024-03-26,1321
Zimbabwe,2024-06-07,1285
Zimbabwe,2024-06-11,1279
Zimbabwe,2024-06-27,1300
Zimbabwe,2024-06-30,1340
Zimbabwe,2024-07-02,1315
Zimbabwe,2024-09-06,1321
Zimbabwe,2024-09-10,1334
Zimbabwe,2024-10-10,1355
Zimbabwe,2024-10-14,1383
Zimbabwe,2024-11-15,1384
Zimbabwe,2024-11-19,1378
Zimbabwe,2025-10-10,1368
Zimbabwe,2025-11-17,1352
Zimbabwe,2025-12-22,1342
Zimbabwe,2025-12-29,1342
