country,date,ranking,points
Albania,2024-02-15,64,1382.69
Albania,2024-04-04,66,1375.10
Albania,2024-10-24,65,1379.29
Albania,2025-10-17,61,1401.34
Algeria,2024-02-15,43,1480.24
Algeria,2024-04-04,43,1482.71
Algeria,2024-10-24,37,1496.94
Algeria,2025-04-03,36,1507.17
Algeria,2025-10-17,35,1510.26
Algeria,2025-11-19,35,1516.37
Algeria,2025-12-22,34,1517.68
Algeria,2026-01-19,28,1560.91
Andorra,2024-02-15,164,998.00
Andorra,2024-04-04,164,998.75
Andorra,2024-10-24,170,977.96
Andorra,2025-04-03,173,957.41
Andorra,2025-07-10,174,953.95
Angola,2024-02-15,93,1238.11
Angola,2024-04-04,94,1235.76
Angola,2024-10-24,82,1298.75
Angola,2025-10-17,89,1267.45
Angola,2025-12-22,89,1271.54
Argentina,2024-02-15,1,1855.20
Argentina,2024-04-04,1,1858.00
Argentina,2024-10-24,1,1883.50
Argentina,2024-12-19,1,1867.25
Argentina,2025-04-03,1,1886.16
Argentina,2025-07-10,1,1885.36
Argentina,2025-09-18,3,1870.32
Argentina,2025-10-17,2,1872.43
Argentina,2026-01-19,2,1873.33
Armenia,2024-02-15,94,1237.15
Armenia,2024-04-04,95,1229.18
Armenia,2024-10-24,99,1222.74
Armenia,2025-07-10,105,1204.78
Armenia,2025-10-17,104,1204.7
Australia,2024-02-15,23,1554.82
Australia,2024-04-04,24,1563.93
Australia,2024-10-24,24,1552.77
Australia,2025-04-03,26,1554.55
Australia,2025-07-10,24,1578.57
Australia,2025-09-18,25,1583.49
Australia,2025-10-17,25,1584.02
Australia,2026-01-19,27,1574.01
Austria,2024-02-15,25,1546.10
Austria,2024-04-04,25,1554.86
Austria,2024-10-24,23,1589.17
Austria,2025-04-03,22,1580.22
Austria,2025-07-10,22,1591.24
Austria,2025-09-18,22,1601.86
Austria,2025-10-17,24,1586.98
Austria,2026-01-19,24,1585.51
Azerbaijan,2024-02-15,113,1174.22
Azerbaijan,2024-04-04,112,1177.83
Azerbaijan,2024-10-24,118,1161.80
Azerbaijan,2025-09-18,124,1148.09
Azerbaijan,2025-10-17,123,1142.25
Bahrain,2024-02-15,82,1297.32
Bahrain,2024-04-04,80,1307.53
Bahrain,2024-10-24,76,1313.80
Bahrain,2025-07-10,89,1266.96
Bahrain,2025-11-19,91,1258.68
Belarus,2024-02-15,95,1232.80
Belarus,2024-04-04,96,1226.54
Belarus,2024-10-24,97,1231.10
Belarus,2025-07-10,97,1237.24
Belarus,2025-09-18,100,1223.54
Belgium,2024-02-15,4,1798.46
Belgium,2024-04-04,3,1795.23
Belgium,2024-10-24,6,1761.27
Belgium,2025-04-03,8,1735.75
Belgium,2025-07-10,8,1736.38
Belgium,2025-09-18,8,1739.54
Belgium,2025-10-17,8,1740.01
Belgium,2026-01-19,9,1730.71
Benin,2024-02-15,98,1225.10
Benin,2024-04-04,97,1225.68
Benin,2024-10-24,95,1250.97
Benin,2025-12-22,92,1255.72
Bermuda,2024-02-15,171,972.36
Bermuda,2024-04-04,170,974.30
Bermuda,2024-10-24,167,986.53
Bermuda,2025-07-10,162,1000.04
Bermuda,2025-10-17,168,976.75
Bermuda,2026-01-19,169,976.87
Bolivia,2024-02-15,86,1284.55
Bolivia,2024-04-04,85,1283.88
Bolivia,2024-10-24,79,1312.36
Bolivia,2025-07-10,78,1315.71
Bolivia,2025-10-17,76,1334.55
Bolivia,2025-12-22,76,1329.56
Bolivia,2026-01-19,76,1330.52
Bosnia and Herzegovina,2024-02-15,71,1343.32
Bosnia and Herzegovina,2024-04-04,74,1335.60
Bosnia and Herzegovina,2024-10-24,74,1324.43
Bosnia and Herzegovina,2025-04-03,70,1350.85
Bosnia and Herzegovina,2025-07-10,72,1349.11
Bosnia and Herzegovina,2025-09-18,73,1344.25
Bosnia and Herzegovina,2025-10-17,75,1341.36
Bosnia and Herzegovina,2026-01-19,71,1362.37
Botswana,2024-02-15,146,1064.50
Botswana,2024-04-04,146,1065.07
Botswana,2024-10-24,140,1088.45
Botswana,2025-12-22,138,1084.56
Brazil,2024-02-15,5,1784.09
Brazil,2024-04-04,5,1788.65
Brazil,2024-10-24,5,1784.37
Brazil,2024-12-19,5,1775.85
Brazil,2025-04-03,5,1776.03
Brazil,2025-07-10,5,1777.69
Brazil,2025-09-18,6,1761.6
Brazil,2025-10-17,7,1758.85
Brazil,2026-01-19,5,1760.46
Bulgaria,2024-02-15,83,1289.90
Bulgaria,2024-04-04,83,1292.59
Bulgaria,2024-10-24,84,1295.11
Bulgaria,2025-07-10,84,1284.42
Bulgaria,2025-09-18,86,1271.52
Bulgaria,2025-10-17,91,1263.07
Burkina Faso,2024-02-15,61,1399.92
Burkina Faso,2024-04-04,62,1390.38
Burkina Faso,2024-10-24,62,1399.80
Burkina Faso,2025-12-22,62,1404.81
Cameroon,2024-02-15,51,1452.59
Cameroon,2024-04-04,51,1452.59
Cameroon,2024-10-24,49,1472.12
Cameroon,2025-07-10,51,1466.97
Cameroon,2025-10-17,54,1453.71
Cameroon,2025-12-22,57,1440.43
Cameroon,2026-01-19,45,1482.39
Canada,2024-02-15,50,1453.76
Canada,2024-04-04,49,1461.16
Canada,2024-10-24,35,1507.27
Canada,2025-04-03,30,1531.58
Canada,2025-07-10,28,1548.94
Canada,2025-09-18,26,1558.04
Canada,2025-10-17,28,1554.63
Canada,2026-01-19,29,1559.15
Cape Verde,2024-02-15,65,1377.06
Cape Verde,2024-04-04,65,1383.44
Cape Verde,2024-10-24,72,1340.87
Cape Verde,2025-04-03,72,1344.37
Cape Verde,2025-07-10,73,1343.68
Cape Verde,2025-09-18,70,1363.21
Cape Verde,2025-10-17,71,1364.26
Cape Verde,2026-01-19,67,1370.49
Central African Republic,2024-02-15,129,1121.34
Central African Republic,2024-04-04,128,1128.17
Central African Republic,2024-10-24,129,1125.26
Central African Republic,2025-09-18,140,1081.36
Chad,2024-02-15,181,920.37
Chad,2024-04-04,176,945.92
Chad,2024-10-24,177,933.39
Chad,2025-07-10,175,924.6
Chile,2024-02-15,42,1489.82
Chile,2024-04-04,42,1491.71
Chile,2024-10-24,53,1455.22
Chile,2025-04-03,52,1461.91
Chile,2025-07-10,57,1441.62
Chile,2026-01-19,55,1457.84
China PR,2024-02-15,88,1273.78
China PR,2024-04-04,88,1275.22
China PR,2024-10-24,92,1257.29
China PR,2026-01-19,93,1249.06
Colombia,2024-02-15,14,1655.29
Colombia,2024-04-04,12,1664.28
Colombia,2024-10-24,10,1724.37
Colombia,2025-04-03,14,1679.04
Colombia,2025-07-10,14,1679.46
Colombia,2025-09-18,13,1692.1
Colombia,2025-10-17,13,1695.72
Colombia,2026-01-19,14,1701.3
Comoros,2024-02-15,121,1156.45
Comoros,2024-04-04,117,1163.02
Comoros,2024-10-24,108,1185.98
Comoros,2025-09-18,105,1201.83
Comoros,2025-11-19,108,1189.75
Costa Rica,2024-02-15,54,1437.57
Costa Rica,2024-04-04,52,1445.38
Costa Rica,2024-10-24,50,1465.57
Costa Rica,2025-07-10,40,1493.85
Costa Rica,2025-10-17,45,1483.74
Costa Rica,2026-01-19,51,1464.24
Croatia,2024-02-15,10,1717.57
Croatia,2024-04-04,10,1721.07
Croatia,2024-10-24,12,1701.36
Croatia,2025-04-03,11,1698.66
Croatia,2025-07-10,10,1707.51
Croatia,2025-09-18,9,1714.2
Croatia,2025-10-17,11,1710.15
Croatia,2026-01-19,11,1716.88
Curaçao,2024-02-15,91,1262.48
Curaçao,2024-04-04,91,1262.48
Curaçao,2024-10-24,90,1260.87
Curaçao,2025-04-03,90,1264.78
Curaçao,2025-07-10,86,1277.22
Curaçao,2025-09-18,84,1282.42
Curaçao,2025-10-17,82,1295.52
Curaçao,2026-01-19,81,1302.7
Cyprus,2024-02-15,125,1143.42
Cyprus,2024-04-04,124,1141.03
Cyprus,2024-10-24,127,1127.51
Cyprus,2025-07-10,128,1124.36
Cyprus,2025-09-18,128,1128.1
Cyprus,2025-10-17,125,1137.43
Czech Republic,2024-02-15,40,1494.04
Czech Republic,2024-04-04,36,1501.47
Czech Republic,2024-10-24,45,1480.39
Czech Republic,2025-04-03,39,1491.43
Czech Republic,2025-07-10,41,1492.4
Czech Republic,2025-09-18,39,1500.29
Czech Republic,2025-10-17,44,1484.68
Czech Republic,2026-01-19,43,1487
DR Congo,2024-02-15,63,1388.25
DR Congo,2024-04-04,63,1388.25
DR Congo,2024-10-24,57,1431.30
DR Congo,2025-09-18,60,1407.6
DR Congo,2025-10-17,60,1421.32
DR Congo,2025-12-22,56,1444.16
DR Congo,2026-01-19,48,1468.22
Denmark,2024-02-15,21,1601.31
Denmark,2024-04-04,21,1602.72
Denmark,2024-10-24,21,1617.34
Denmark,2025-07-10,21,1621.24
Denmark,2025-10-17,20,1641.02
Denmark,2026-01-19,21,1616.75
Dominican Republic,2024-02-15,150,1040.77
Dominican Republic,2024-04-04,150,1042.86
Dominican Republic,2024-10-24,142,1071.88
Dominican Republic,2025-09-18,142,1074.46
Ecuador,2024-02-15,31,1519.20
Ecuador,2024-04-04,31,1518.22
Ecuador,2024-10-24,27,1536.32
Ecuador,2025-04-03,24,1567.95
Ecuador,2025-07-10,25,1570.68
Ecuador,2025-09-18,24,1588.04
Ecuador,2025-10-17,23,1589.72
Ecuador,2026-01-19,23,1591.73
Egypt,2024-02-15,36,1500.38
Egypt,2024-04-04,37,1499.72
Egypt,2024-10-24,30,1526.25
Egypt,2025-10-17,32,1525.31
Egypt,2025-11-19,34,1520.68
Egypt,2025-12-22,35,1515.18
Egypt,2026-01-19,31,1556.71
El Salvador,2024-02-15,81,1306.14
El Salvador,2024-04-04,81,1305.02
El Salvador,2024-10-24,83,1297.99
El Salvador,2025-04-03,81,1300.81
El Salvador,2025-09-18,90,1267.75
El Salvador,2025-10-17,94,1247.77
England,2024-02-15,3,1800.05
England,2024-04-04,4,1794.90
England,2024-10-24,4,1807.83
England,2025-04-03,4,1819.2
England,2025-07-10,4,1813.32
England,2025-09-18,4,1820.44
England,2025-10-17,4,1824.3
England,2026-01-19,4,1834.12
Equatorial Guinea,2024-02-15,79,1310.50
Equatorial Guinea,2024-04-04,79,1308.03
Equatorial Guinea,2024-10-24,88,1266.68
Equatorial Guinea,2025-12-22,97,1229.09
Estonia,2024-02-15,123,1148.76
Estonia,2024-04-04,123,1141.13
Estonia,2024-10-24,124,1145.52
Estonia,2025-04-03,121,1144.48
Estonia,2025-10-17,130,1122.25
Eswatini,2024-02-15,149,1045.88
Eswatini,2024-04-04,148,1048.89
Eswatini,2024-10-24,160,1009.19
Eswatini,2025-09-18,159,1010.06
Faroe Islands,2024-02-15,135,1102.10
Faroe Islands,2024-04-04,133,1103.43
Faroe Islands,2024-10-24,138,1091.52
Faroe Islands,2025-07-10,141,1089.74
Faroe Islands,2025-09-18,136,1094.46
Faroe Islands,2025-10-17,127,1132.41
Finland,2024-02-15,60,1401.31
Finland,2024-04-04,61,1394.44
Finland,2024-10-24,66,1374.58
Finland,2025-04-03,69,1359.79
Finland,2025-07-10,69,1371.55
Finland,2025-09-18,71,1358.72
Finland,2026-01-19,75,1341.81
France,2024-02-15,2,1845.44
France,2024-04-04,2,1840.59
France,2024-10-24,2,1859.85
France,2025-04-03,3,1852.71
France,2025-07-10,3,1862.03
France,2025-09-18,2,1870.92
France,2025-10-17,3,1862.71
France,2026-01-19,3,1870
Gabon,2024-02-15,84,1289.52
Gabon,2024-04-04,84,1287.33
Gabon,2024-10-24,85,1294.11
Gabon,2025-12-22,78,1321.25
Gabon,2026-01-19,86,1276.28
Gambia,2024-02-15,130,1114.80
Gambia,2024-04-04,130,1114.80
Gambia,2024-10-24,128,1125.62
Gambia,2026-01-19,116,1161.55
Georgia,2024-02-15,77,1312.45
Georgia,2024-04-04,75,1333.76
Georgia,2024-10-24,67,1365.56
Georgia,2025-04-03,68,1373.05
Georgia,2025-07-10,67,1375.23
Georgia,2025-09-18,68,1377.32
Georgia,2025-10-17,70,1365.92
Germany,2024-02-15,16,1631.22
Germany,2024-04-04,16,1644.21
Germany,2024-10-24,11,1703.59
Germany,2025-04-03,10,1716.98
Germany,2025-07-10,9,1716.98
Germany,2025-09-18,12,1704.27
Germany,2025-10-17,10,1713.3
Germany,2026-01-19,10,1724.15
Ghana,2024-02-15,67,1363.42
Ghana,2024-04-04,68,1358.77
Ghana,2024-10-24,73,1338.73
Ghana,2025-04-03,76,1333.13
Ghana,2025-07-10,76,1333.33
Ghana,2025-09-18,75,1340.84
Ghana,2025-10-17,73,1356.4
Ghana,2026-01-19,72,1351.09
Gibraltar,2024-02-15,201,840.80
Gibraltar,2024-04-04,203,832.50
Gibraltar,2024-10-24,197,848.32
Gibraltar,2025-04-03,196,843.19
Gibraltar,2025-09-18,200,827.19
Gibraltar,2025-10-17,200,823.32
Greece,2024-02-15,49,1453.95
Greece,2024-04-04,50,1457.89
Greece,2024-10-24,42,1487.42
Greece,2025-09-18,40,1494.72
Greece,2025-10-17,48,1472.99
Greece,2026-01-19,46,1480.38
Guatemala,2024-02-15,108,1188.17
Guatemala,2024-04-04,108,1188.28
Guatemala,2024-10-24,104,1201.35
Guatemala,2025-04-03,106,1197.12
Guatemala,2025-07-10,100,1235.63
Guatemala,2025-10-17,95,1241.52
Guatemala,2026-01-19,94,1245.77
Haiti,2024-02-15,90,1262.50
Haiti,2024-04-04,90,1262.50
Haiti,2024-10-24,86,1283.67
Haiti,2025-04-03,83,1291.53
Haiti,2025-07-10,90,1261.42
Haiti,2025-09-18,87,1269.24
Haiti,2025-10-17,88,1268.32
Haiti,2026-01-19,83,1294.49
Honduras,2024-02-15,78,1311.43
Honduras,2024-04-04,82,1301.92
Honduras,2024-10-24,77,1312.66
Honduras,2025-04-03,75,1333.51
Honduras,2025-07-10,66,1379.84
Honduras,2025-09-18,65,1383.98
Hungary,2024-02-15,27,1525.13
Hungary,2024-04-04,26,1532.20
Hungary,2024-10-24,32,1519.33
Hungary,2025-04-03,37,1503.34
Hungary,2025-07-10,38,1500.74
Hungary,2025-09-18,41,1492.18
Iceland,2024-02-15,73,1342.57
Iceland,2024-04-04,72,1346.82
Iceland,2024-10-24,70,1353.18
Iceland,2025-04-03,74,1336.55
Iceland,2025-07-10,74,1337.92
Iceland,2025-09-18,74,1343.09
Iceland,2026-01-19,74,1344.72
Indonesia,2024-02-15,142,1072.66
Indonesia,2024-04-04,134,1102.70
Indonesia,2024-10-24,130,1118.87
Indonesia,2025-04-03,123,1142.92
Indonesia,2025-09-18,119,1157.94
Iran,2024-02-15,20,1608.23
Iran,2024-04-04,20,1613.96
Iran,2024-10-24,19,1627.58
Iran,2024-12-19,18,1635.31
Iran,2025-04-03,18,1637.39
Iran,2025-09-18,21,1622.61
Iran,2025-10-17,21,1618.28
Iran,2026-01-19,20,1617.02
Iraq,2024-02-15,59,1409.44
Iraq,2024-04-04,58,1420.47
Iraq,2024-10-24,56,1434.40
Iraq,2025-04-03,59,1413.4
Iraq,2025-07-10,58,1417.04
Iraq,2025-09-18,58,1422.2
Iraq,2025-10-17,57,1428.69
Iraq,2025-11-19,58,1438.92
Iraq,2026-01-19,58,1436.94
Israel,2024-02-15,75,1323.43
Israel,2024-04-04,78,1311.39
Israel,2024-10-24,81,1303.65
Israel,2025-09-18,76,1337.4
Italy,2024-02-15,9,1718.82
Italy,2024-04-04,9,1724.60
Italy,2024-10-24,9,1729.40
Italy,2025-04-03,9,1718.31
Italy,2025-10-17,9,1717.15
Italy,2026-01-19,13,1702.06
Ivory Coast,2024-02-15,39,1494.57
Ivory Coast,2024-04-04,38,1498.80
Ivory Coast,2024-10-24,40,1493.57
Ivory Coast,2025-04-03,41,1487.27
Ivory Coast,2025-09-18,44,1483.9
Ivory Coast,2025-10-17,42,1491.78
Ivory Coast,2025-12-22,42,1489.59
Ivory Coast,2026-01-19,37,1522.48
Jamaica,2024-02-15,57,1421.54
Jamaica,2024-04-04,55,1435.33
Jamaica,2024-10-24,61,1405.36
Jamaica,2025-09-18,69,1377.22
Jamaica,2025-10-17,68,1367.18
Jamaica,2026-01-19,70,1362.46
Japan,2024-02-15,18,1614.33
Japan,2024-04-04,18,1621.88
Japan,2024-10-24,15,1645.09
Japan,2025-04-03,15,1652.64
Japan,2025-07-10,17,1641.23
Japan,2025-09-18,19,1640.47
Japan,2025-10-17,19,1645.34
Japan,2026-01-19,19,1650.12
Jordan,2024-02-15,70,1343.60
Jordan,2024-04-04,71,1350.21
Jordan,2024-10-24,64,1380.75
Jordan,2025-10-17,66,1380.87
Jordan,2025-11-19,66,1377.66
Jordan,2026-01-19,64,1388.93
Kazakhstan,2024-02-15,100,1215.16
Kazakhstan,2024-04-04,103,1203.64
Kazakhstan,2024-10-24,107,1186.46
Kazakhstan,2025-07-10,114,1165.49
Kazakhstan,2025-10-17,115,1168.47
Kenya,2024-02-15,111,1181.92
Kenya,2024-04-04,107,1191.24
Kenya,2024-10-24,106,1195.36
Kenya,2025-09-18,111,1181.64
Kenya,2025-10-17,109,1185.55
Kosovo,2024-02-15,102,1202.77
Kosovo,2024-04-04,102,1205.85
Kosovo,2024-10-24,101,1218.22
Kosovo,2025-07-10,95,1247.71
Kosovo,2025-09-18,91,1262.1
Kosovo,2025-10-17,84,1284.73
Kosovo,2026-01-19,79,1308.84
Kuwait,2024-02-15,137,1094.05
Kuwait,2024-04-04,139,1085.46
Kuwait,2024-10-24,135,1106.42
Kuwait,2025-04-03,134,1112.12
Kuwait,2025-09-18,135,1100.38
Kuwait,2025-11-19,135,1103.25
Latvia,2024-02-15,136,1097.84
Latvia,2024-04-04,136,1095.91
Latvia,2024-10-24,137,1093.82
Latvia,2025-09-18,137,1088.8
Lebanon,2024-02-15,115,1168.07
Lebanon,2024-04-04,120,1158.96
Lebanon,2024-10-24,115,1167.49
Lebanon,2025-07-10,112,1172.44
Libya,2024-02-15,120,1159.51
Libya,2024-04-04,114,1166.71
Libya,2024-10-24,122,1148.70
Libya,2025-09-18,112,1179.57
Liechtenstein,2024-02-15,203,833.01
Liechtenstein,2024-04-04,202,832.75
Liechtenstein,2024-10-24,200,834.15
Liechtenstein,2025-04-03,205,813.86
Liechtenstein,2025-07-10,204,811.66
Liechtenstein,2025-10-17,206,801.99
Lithuania,2024-02-15,138,1086.93
Lithuania,2024-04-04,137,1095.23
Lithuania,2024-10-24,141,1082.36
Lithuania,2025-07-10,143,1069.2
Lithuania,2025-10-17,146,1055.58
Luxembourg,2024-02-15,85,1285.41
Luxembourg,2024-04-04,87,1277.94
Luxembourg,2024-10-24,89,1262.08
Luxembourg,2025-09-18,96,1242.61
Luxembourg,2025-10-17,97,1231.8
Malaysia,2024-02-15,132,1110.17
Malaysia,2024-04-04,138,1094.54
Malaysia,2024-10-24,133,1113.92
Malaysia,2025-04-03,131,1123.57
Mali,2024-02-15,47,1469.81
Mali,2024-04-04,44,1477.90
Mali,2024-10-24,54,1454.84
Mali,2025-07-10,54,1454.72
Mali,2025-10-17,53,1455.78
Mali,2025-12-22,53,1455.03
Malta,2024-02-15,172,967.29
Malta,2024-04-04,171,973.14
Malta,2024-10-24,169,980.50
Malta,2025-04-03,169,976.35
Malta,2025-09-18,166,982.43
Mauritania,2024-02-15,106,1194.48
Mauritania,2024-04-04,105,1195.50
Mauritania,2024-10-24,114,1168.44
Mauritania,2026-01-19,115,1171.35
Mauritius,2024-02-15,177,944.95
Mauritius,2024-04-04,183,919.40
Mauritius,2024-10-24,178,927.57
Mauritius,2025-07-10,177,921.61
Mexico,2024-02-15,15,1652.70
Mexico,2024-04-04,14,1661.11
Mexico,2024-10-24,16,1640.67
Mexico,2025-04-03,17,1646.94
Mexico,2025-07-10,13,1689.73
Mexico,2025-09-18,14,1688.38
Mexico,2025-10-17,14,1682.52
Mexico,2026-01-19,16,1675.75
Moldova,2024-02-15,155,1022.60
Moldova,2024-04-04,153,1028.85
Moldova,2024-10-24,150,1040.83
Moldova,2025-07-10,154,1028.26
Montenegro,2024-02-15,72,1342.64
Montenegro,2024-04-04,70,1351.72
Montenegro,2024-10-24,75,1323.20
Montenegro,2025-04-03,73,1337.36
Montenegro,2025-07-10,77,1327.28
Montenegro,2025-10-17,81,1297.88
Morocco,2024-02-15,12,1663.39
Morocco,2024-04-04,13,1661.42
Morocco,2024-10-24,13,1681.57
Morocco,2025-11-19,11,1713.12
Morocco,2025-12-22,11,1716.34
Morocco,2026-01-19,8,1736.57
Mozambique,2024-02-15,110,1184.49
Mozambique,2024-04-04,110,1184.49
Mozambique,2024-10-24,98,1229.01
Mozambique,2025-12-22,102,1223.48
Netherlands,2024-02-15,6,1745.48
Netherlands,2024-04-04,7,1742.29
Netherlands,2024-10-24,8,1748.24
Netherlands,2025-04-03,6,1752.44
Netherlands,2025-07-10,7,1758.18
Netherlands,2025-09-18,7,1754.17
Netherlands,2025-10-17,6,1759.96
Netherlands,2026-01-19,7,1756.27
New Zealand,2024-02-15,103,1197.47
New Zealand,2024-04-04,104,1197.68
New Zealand,2024-10-24,91,1258.11
New Zealand,2025-04-03,86,1284.68
New Zealand,2025-07-10,82,1288.86
New Zealand,2025-09-18,83,1283.94
New Zealand,2025-10-17,85,1283.3
New Zealand,2026-01-19,85,1279.25
Nicaragua,2024-02-15,134,1104.26
Nicaragua,2024-04-04,135,1102.54
Nicaragua,2024-10-24,132,1114.28
Nicaragua,2025-09-18,132,1120.78
Nicaragua,2025-10-17,133,1106.83
Nigeria,2024-02-15,28,1522.26
Nigeria,2024-04-04,30,1520.27
Nigeria,2024-10-24,36,1503.29
Nigeria,2025-04-03,43,1481.35
Nigeria,2025-07-10,44,1484.26
Nigeria,2025-10-17,41,1495.46
Nigeria,2025-12-22,38,1502.46
Nigeria,2026-01-19,26,1581.55
North Korea,2024-02-15,114,1168.12
North Korea,2024-04-04,118,1160.57
North Korea,2024-10-24,111,1175.14
North Korea,2025-04-03,118,1153.38
North Macedonia,2024-02-15,68,1362.17
North Macedonia,2024-04-04,69,1354.19
North Macedonia,2024-10-24,69,1361.01
North Macedonia,2025-04-03,67,1375.58
North Macedonia,2025-09-18,63,1388.5
Northern Ireland,2024-02-15,74,1333.17
Northern Ireland,2024-04-04,73,1341.05
Northern Ireland,2024-10-24,71,1345.06
Northern Ireland,2025-07-10,71,1351.01
Northern Ireland,2025-09-18,72,1355.98
Norway,2024-02-15,46,1472.36
Norway,2024-04-04,47,1467.51
Norway,2024-10-24,48,1473.50
Norway,2025-04-03,38,1497.18
Norway,2025-07-10,33,1519.42
Norway,2025-09-18,31,1526.23
Norway,2025-10-17,29,1532.14
Norway,2026-01-19,32,1553.14
Oman,2024-02-15,80,1307.60
Oman,2024-04-04,77,1323.23
Oman,2024-10-24,80,1305.99
Oman,2025-09-18,78,1320.34
Oman,2025-10-17,79,1312.32
Oman,2025-11-19,79,1312.45
Palestine,2024-02-15,97,1227.20
Palestine,2024-04-04,93,1238.66
Palestine,2024-10-24,100,1218.43
Palestine,2025-11-19,96,1230.55
Panama,2024-02-15,44,1475.62
Panama,2024-04-04,45,1475.62
Panama,2024-10-24,39,1493.80
Panama,2025-07-10,30,1545.08
Panama,2025-09-18,29,1529.71
Panama,2025-10-17,31,1528.21
Panama,2025-12-22,30,1540.43
Panama,2026-01-19,33,1539.47
Paraguay,2024-02-15,56,1430.73
Paraguay,2024-04-04,56,1430.73
Paraguay,2024-10-24,55,1440.78
Paraguay,2025-04-03,48,1475.93
Paraguay,2025-07-10,43,1486.69
Paraguay,2025-09-18,37,1501.01
Paraguay,2025-10-17,39,1498.15
Paraguay,2026-01-19,40,1501.5
Peru,2024-02-15,33,1512.68
Peru,2024-04-04,32,1515.82
Peru,2024-10-24,38,1494.24
Peru,2025-04-03,42,1483.48
Peru,2025-07-10,42,1489.97
Peru,2026-01-19,53,1459.57
Poland,2024-02-15,30,1520.24
Poland,2024-04-04,28,1531.49
Poland,2024-10-24,31,1523.19
Poland,2025-07-10,37,1502.4
Poland,2025-09-18,36,1517.3
Poland,2025-10-17,33,1523.84
Poland,2026-01-19,34,1532.04
Portugal,2024-02-15,7,1745.06
Portugal,2024-04-04,6,1748.11
Portugal,2024-10-24,7,1752.68
Portugal,2025-04-03,7,1750.08
Portugal,2025-07-10,6,1770.53
Portugal,2025-09-18,5,1779.55
Portugal,2025-10-17,5,1778
Portugal,2026-01-19,6,1760.38
Puerto Rico,2024-02-15,160,1007.19
Puerto Rico,2024-04-04,160,1006.35
Puerto Rico,2024-10-24,153,1021.62
Puerto Rico,2025-09-18,155,1020.44
Qatar,2024-02-15,37,1499.34
Qatar,2024-04-04,34,1507.94
Qatar,2024-10-24,46,1478.60
Qatar,2025-04-03,55,1456.58
Qatar,2025-07-10,53,1459.85
Qatar,2025-09-18,53,1453.65
Qatar,2025-10-17,52,1461.6
Qatar,2025-11-19,51,1461.6
Republic of Ireland,2024-02-15,62,1399.60
Republic of Ireland,2024-04-04,60,1399.74
Republic of Ireland,2024-10-24,63,1395.61
Republic of Ireland,2025-09-18,61,1397.52
Republic of Ireland,2025-10-17,62,1401.18
Republic of Ireland,2026-01-19,59,1436.04
Romania,2024-02-15,45,1472.73
Romania,2024-04-04,46,1468.17
Romania,2024-10-24,43,1487.22
Romania,2025-04-03,45,1479.22
Romania,2025-07-10,48,1474.46
Romania,2025-09-18,51,1462.85
Romania,2025-10-17,47,1480.13
Romania,2026-01-19,49,1465.78
Russia,2024-02-15,38,1498.84
Russia,2024-04-04,35,1504.02
Russia,2024-10-24,34,1508.73
Russia,2025-07-10,35,1518.54
Russia,2025-09-18,33,1521.74
Rwanda,2024-02-15,133,1107.04
Rwanda,2024-04-04,131,1112.44
Rwanda,2024-10-24,126,1130.04
Rwanda,2025-09-18,127,1133.5
San Marino,2024-02-15,210,741.61
San Marino,2024-04-04,210,742.05
San Marino,2024-10-24,210,737.04
San Marino,2025-04-03,210,741.36
San Marino,2025-07-10,210,738.24
San Marino,2025-09-18,210,733.23
San Marino,2025-10-17,210,727.95
Saudi Arabia,2024-02-15,53,1441.40
Saudi Arabia,2024-04-04,53,1443.53
Saudi Arabia,2024-10-24,59,1422.67
Saudi Arabia,2025-04-03,58,1418.96
Saudi Arabia,2025-07-10,59,1415.11
Saudi Arabia,2025-09-18,59,1420.65
Saudi Arabia,2025-10-17,58,1427.37
Saudi Arabia,2025-11-19,60,1428.74
Saudi Arabia,2026-01-19,61,1429.48
Scotland,2024-02-15,34,1506.89
Scotland,2024-04-04,39,1497.46
Scotland,2024-10-24,51,1461.34
Scotland,2025-04-03,44,1480.3
Scotland,2025-07-10,47,1474.68
Scotland,2025-09-18,43,1485.08
Scotland,2025-10-17,38,1504.2
Scotland,2026-01-19,38,1506.77
Senegal,2024-02-15,17,1620.74
Senegal,2024-04-04,17,1624.73
Senegal,2024-10-24,20,1627.13
Senegal,2025-04-03,19,1630.32
Senegal,2025-10-17,18,1650.61
Senegal,2025-12-22,19,1648.07
Senegal,2026-01-19,12,1706.83
Serbia,2024-02-15,32,1517.43
Serbia,2024-04-04,33,1514.20
Serbia,2024-10-24,33,1511.16
Serbia,2025-07-10,32,1523.03
Serbia,2025-10-17,36,1507.84
Serbia,2026-01-19,39,1506.34
Slovakia,2024-02-15,48,1465.73
Slovakia,2024-04-04,48,1461.55
Slovakia,2024-10-24,41,1489.88
Slovakia,2025-07-10,52,1466.56
Slovakia,2025-10-17,46,1483.35
Slovenia,2024-02-15,55,1431.40
Slovenia,2024-04-04,57,1427.84
Slovenia,2024-10-24,52,1459.59
Slovenia,2025-04-03,51,1462.66
Slovenia,2025-07-10,50,1469.76
Slovenia,2025-09-18,50,1462.96
Slovenia,2025-10-17,51,1462.93
South Africa,2024-02-15,58,1410.23
South Africa,2024-04-04,59,1407.67
South Africa,2024-10-24,60,1415.98
South Africa,2025-07-10,56,1443.31
South Africa,2025-09-18,55,1448.67
South Africa,2025-10-17,59,1423.17
South Africa,2025-12-22,61,1426.73
South Africa,2026-01-19,60,1432.76
South Korea,2024-02-15,22,1566.21
South Korea,2024-04-04,23,1563.99
South Korea,2024-10-24,22,1589.93
South Korea,2025-04-03,23,1574.93
South Korea,2025-07-10,23,1587.08
South Korea,2025-09-18,23,1593.19
South Korea,2025-10-17,22,1593.92
South Korea,2026-01-19,22,1599.45
Spain,2024-02-15,8,1732.64
Spain,2024-04-04,8,1727.50
Spain,2024-10-24,3,1844.33
Spain,2025-04-03,2,1854.64
Spain,2025-07-10,2,1867.09
Spain,2025-09-18,1,1875.37
Spain,2025-10-17,1,1880.76
Spain,2026-01-19,1,1877.18
Sudan,2024-02-15,127,1128.74
Sudan,2024-04-04,127,1129.32
Sudan,2024-10-24,110,1176.20
Sudan,2025-09-18,116,1163.56
Sudan,2025-11-19,118,1153.56
Sudan,2025-12-22,117,1154.44
Suriname,2024-02-15,144,1071.85
Suriname,2024-04-04,144,1071.85
Suriname,2024-10-24,136,1105.29
Suriname,2025-07-10,136,1099.98
Suriname,2025-09-18,131,1125.21
Sweden,2024-02-15,26,1531.13
Sweden,2024-04-04,27,1531.68
Sweden,2024-10-24,28,1530.41
Sweden,2025-04-03,28,1536.05
Sweden,2025-07-10,29,1545.43
Sweden,2025-09-18,32,1524.62
Sweden,2025-10-17,40,1496.99
Sweden,2026-01-19,42,1487.13
Switzerland,2024-02-15,19,1613.44
Switzerland,2024-04-04,19,1616.41
Switzerland,2024-10-24,17,1631.38
Switzerland,2025-04-03,20,1624.75
Switzerland,2025-07-10,19,1635.08
Switzerland,2025-09-18,17,1648.3
Switzerland,2025-10-17,17,1653.32
Switzerland,2026-01-19,18,1654.69
Syria,2024-02-15,89,1265.51
Syria,2024-04-04,89,1266.52
Syria,2024-10-24,93,1252.19
Syria,2025-11-19,87,1278.1
Tanzania,2024-02-15,119,1160.98
Tanzania,2024-04-04,119,1159.81
Tanzania,2024-10-24,112,1173.84
Tanzania,2025-09-18,107,1199.45
Tanzania,2025-12-22,112,1181.22
Thailand,2024-02-15,101,1206.72
Thailand,2024-04-04,101,1208.93
Thailand,2024-10-24,96,1231.75
Thailand,2025-07-10,102,1222.07
Togo,2024-02-15,116,1165.74
Togo,2024-04-04,113,1170.34
Togo,2024-10-24,123,1147.91
Togo,2025-09-18,120,1151.08
Trinidad and Tobago,2024-02-15,96,1228.05
Trinidad and Tobago,2024-04-04,98,1220.65
Trinidad and Tobago,2024-10-24,102,1214.81
Trinidad and Tobago,2025-04-03,100,1229.52
Trinidad and Tobago,2025-07-10,101,1229.11
Trinidad and Tobago,2025-09-18,102,1220.99
Tunisia,2024-02-15,41,1491.15
Tunisia,2024-04-04,41,1493.12
Tunisia,2024-10-24,47,1478.52
Tunisia,2025-10-17,43,1490.8
Tunisia,2025-11-19,40,1497.13
Tunisia,2025-12-22,41,1494.86
Tunisia,2026-01-19,47,1479.04
Turkey,2024-02-15,35,1505.28
Turkey,2024-04-04,40,1495.94
Turkey,2024-10-24,26,1548.15
Turkey,2025-04-03,27,1551.47
Turkey,2025-07-10,27,1553.19
Turkey,2025-09-18,27,1555.72
Turkey,2025-10-17,26,1570.18
Turkey,2026-01-19,25,1582.69
Uganda,2024-02-15,92,1246.88
Uganda,2024-04-04,92,1242.15
Uganda,2024-10-24,87,1269.79
Uganda,2025-12-22,85,1288.01
Ukraine,2024-02-15,24,1553.35
Ukraine,2024-04-04,22,1568.86
Ukraine,2024-10-24,25,1552.37
Ukraine,2025-04-03,25,1559.81
Ukraine,2025-07-10,26,1557.21
Ukraine,2025-10-17,27,1555.36
Ukraine,2026-01-19,30,1557.47
United Arab Emirates,2024-02-15,69,1355.55
United Arab Emirates,2024-04-04,67,1366.45
United Arab Emirates,2024-10-24,68,1361.34
United Arab Emirates,2024-12-19,63,1385.57
United Arab Emirates,2025-04-03,65,1382.7
United Arab Emirates,2025-09-18,67,1379.86
United Arab Emirates,2025-10-17,67,1379.93
United Arab Emirates,2025-11-19,67,1369.71
United States,2024-02-15,13,1661.70
United States,2024-04-04,11,1681.13
United States,2024-10-24,18,1630.97
United States,2025-04-03,16,1648.81
United States,2025-07-10,15,1671.04
United States,2025-09-18,16,1670.04
United States,2025-10-17,16,1673.49
United States,2026-01-19,15,1681.88
Uruguay,2024-02-15,11,1665.99
Uruguay,2024-04-04,15,1659.39
Uruguay,2024-10-24,14,1680.36
Uruguay,2025-04-03,13,1679.49
Uruguay,2025-07-10,16,1670.76
Uruguay,2025-09-18,15,1673.65
Uruguay,2025-10-17,15,1677.57
Uruguay,2026-01-19,17,1672.62
Uzbekistan,2024-02-15,66,1376.50
Uzbekistan,2024-04-04,64,1386.58
Uzbekistan,2024-10-24,58,1429.26
Uzbekistan,2024-12-19,58,1424.93
Uzbekistan,2025-04-03,57,1437.02
Uzbekistan,2025-09-18,54,1453.31
Uzbekistan,2025-10-17,55,1452.34
Uzbekistan,2026-01-19,52,1462.03
Venezuela,2024-02-15,52,1447.20
Venezuela,2024-04-04,54,1442.29
Venezuela,2024-10-24,44,1482.47
Venezuela,2025-04-03,47,1476.84
Venezuela,2025-07-10,46,1477.02
Venezuela,2025-09-18,49,1465.02
Venezuela,2025-10-17,50,1463.27
Venezuela,2026-01-19,50,1465.22
Wales,2024-02-15,29,1521.88
Wales,2024-04-04,29,1531.38
Wales,2024-10-24,29,1528.96
Wales,2025-04-03,29,1535.57
Wales,2025-07-10,31,1528.93
Wales,2025-09-18,30,1529.09
Wales,2026-01-19,35,1529.71
Zambia,2024-02-15,87,1275.71
Zambia,2024-04-04,86,1278.26
Zambia,2024-10-24,94,1251.84
Zambia,2025-10-17,87,1268.6
Zambia,2025-12-22,91,1258.4
Zambia,2026-01-19,91,1256.68
Zimbabwe,2024-02-15,124,1144.56
Zimbabwe,2024-04-04,122,1143.66
Zimbabwe,2024-10-24,117,1162.48
Zimbabwe,2025-09-18,125,1133.75
Zimbabwe,2025-10-17,129,1125.55
Zimbabwe,2025-12-22,129,1123.69
